League,Season,URL,Home,Away,Date,Final_Result,HT_Result,1X2_Close_1,1X2_Close_X,1X2_Close_2,1X2_Open_1,1X2_Open_X,1X2_Open_2,OU_2_Over_Close,OU_2_Under_Close,OU_2_Over_Open,OU_2_Under_Open,OU_2_25_Over_Close,OU_2_25_Under_Close,OU_2_25_Over_Open,OU_2_25_Under_Open,OU_2_5_Over_Close,OU_2_5_Under_Close,OU_2_5_Over_Open,OU_2_5_Under_Open,OU_2_75_Over_Close,OU_2_75_Under_Close,OU_2_75_Over_Open,OU_2_75_Under_Open,OU_3_Over_Close,OU_3_Under_Close,OU_3_Over_Open,OU_3_Under_Open,AH_0_Home_Close,AH_0_Away_Close,AH_0_Home_Open,AH_0_Away_Open,AH_minus_0_25_Home_Close,AH_minus_0_25_Away_Close,AH_minus_0_25_Home_Open,AH_minus_0_25_Away_Open,AH_minus_0_5_Home_Close,AH_minus_0_5_Away_Close,AH_minus_0_5_Home_Open,AH_minus_0_5_Away_Open,AH_minus_0_75_Home_Close,AH_minus_0_75_Away_Close,AH_minus_0_75_Home_Open,AH_minus_0_75_Away_Open,AH_minus_1_Home_Close,AH_minus_1_Away_Close,AH_minus_1_Home_Open,AH_minus_1_Away_Open,AH_minus_1_25_Home_Close,AH_minus_1_25_Away_Close,AH_minus_1_25_Home_Open,AH_minus_1_25_Away_Open,AH_plus_0_25_Home_Close,AH_plus_0_25_Away_Close,AH_plus_0_25_Home_Open,AH_plus_0_25_Away_Open,AH_plus_0_5_Home_Close,AH_plus_0_5_Away_Close,AH_plus_0_5_Home_Open,AH_plus_0_5_Away_Open,AH_plus_0_75_Home_Close,AH_plus_0_75_Away_Close,AH_plus_0_75_Home_Open,AH_plus_0_75_Away_Open,AH_plus_1_Home_Close,AH_plus_1_Away_Close,AH_plus_1_Home_Open,AH_plus_1_Away_Open,AH_plus_1_25_Home_Close,AH_plus_1_25_Away_Close,AH_plus_1_25_Home_Open,AH_plus_1_25_Away_Open,BTTS_Yes_Close,BTTS_No_Close,BTTS_Yes_Open,BTTS_No_Open
Croatia Prva NL,2024-2025,https://www.oddsportal.com/football/croatia/prva-nl-2024-2025/opatija-sesvete-4QMkQ2Gd/,Opatija,Sesvete,21 Feb 2025,0:0,0:0,1.94,3.14,4.28,2.12,3.10,3.29,1.91,1.87,1.66,1.99,2.21,1.62,1.94,1.70,2.47,1.48,2.26,1.56,3.01,1.36,2.63,1.38,3.99,1.25,3.42,1.23,,,,,1.66,2.17,1.05,2.32,1.97,1.75,1.04,1.93,2.23,1.61,1.09,1.67,2.86,1.39,2.97,1.17,3.29,1.31,2.94,1.32,1.29,3.35,1.02,3.91,1.26,3.54,1.01,4.60,1.14,5.35,1.01,6.31,1.03,9.86,1.09,11.17,,,,,2.21,1.62,1.95,1.81
Croatia Prva NL,2024-2025,https://www.oddsportal.com/football/croatia/prva-nl-2024-2025/rudes-cibalia-z99dxF8b/,Rudes,Cibalia,26 Oct 2024,1:0,0:0,1.70,3.61,4.90,,3.20,3.12,1.59,2.27,1.45,2.34,1.85,1.94,1.74,1.96,2.08,1.71,1.95,1.75,2.39,1.53,2.16,1.53,3.02,1.37,2.65,1.35,1.25,3.70,1.46,3.77,1.47,2.60,1.70,2.83,1.71,2.06,1.95,2.31,1.86,1.91,1.95,1.96,2.21,1.65,2.20,1.11,2.52,1.49,2.18,1.03,1.19,4.11,1.39,4.33,1.18,4.65,1.31,4.80,1.11,6.60,1.15,4.90,1.03,9.40,1.09,5.01,,,,,2.11,1.68,1.79,1.98
Croatia Prva NL,2024-2025,https://www.oddsportal.com/football/croatia/prva-nl-2024-2025/bijelo-brdo-jarun-4Car6VA5/,Bijelo Brdo,Jarun,22 Sep 2024,0:2,0:2,2.34,3.34,2.92,,3.40,2.17,1.71,2.10,1.62,2.15,1.96,1.82,1.88,1.82,2.20,1.62,2.14,1.63,2.57,1.47,2.47,1.48,3.31,1.32,3.10,1.31,1.71,2.15,2.16,2.51,1.96,1.85,1.02,1.97,2.18,1.66,1.04,1.72,2.62,1.46,1.04,1.52,3.46,1.29,6.39,1.15,4.01,1.24,4.20,1.26,1.51,2.46,1.78,3.05,1.36,2.99,1.59,3.60,1.25,3.80,1.29,4.67,1.16,5.37,1.20,6.77,1.11,6.59,1.16,7.38,1.93,1.82,1.92,1.84
Croatia Prva NL,2024-2025,https://www.oddsportal.com/football/croatia/prva-nl-2024-2025/bijelo-brdo-opatija-4puZbGB7/,Bijelo Brdo,Opatija,29 Mar 2025,0:1,0:0,3.58,2.58,2.48,3.52,2.75,2.25,2.34,1.57,1.84,1.78,2.79,1.40,2.17,1.55,3.16,1.32,2.46,1.44,3.81,1.25,,,5.65,1.08,4.15,1.16,2.38,1.56,2.30,1.50,2.92,1.37,1.04,1.34,3.61,1.25,1.04,1.26,4.76,1.17,1.09,1.18,10.40,1.03,11.00,1.02,11.50,1.02,10.10,1.06,1.81,1.97,1.82,1.99,1.53,2.38,1.60,2.44,1.39,2.85,1.30,2.96,1.23,4.02,1.22,4.06,1.19,4.69,1.18,4.63,2.50,1.50,2.12,1.69
Croatia Prva NL,2024-2025,https://www.oddsportal.com/football/croatia/prva-nl-2024-2025/croatia-zmijavci-jarun-Ew7XcUR6/,Croatia Zmijavci,Jarun,04 May 2025,0:1,0:0,2.34,3.12,3.12,2.14,3.05,3.40,1.77,2.01,1.85,1.95,2.07,1.70,2.04,1.68,2.36,1.54,2.31,1.51,2.82,1.40,,,3.75,1.28,3.70,1.20,1.62,2.26,1.01,2.26,1.97,1.81,1.02,1.83,2.31,1.57,1.04,1.62,2.74,1.41,1.04,1.40,3.66,1.26,2.98,1.05,4.08,1.23,2.93,1.14,1.43,2.68,,,1.31,3.23,1.01,3.30,1.21,4.15,1.15,3.30,1.12,6.35,1.01,3.30,1.11,6.60,1.01,3.30,2.02,1.74,2.10,1.70
Croatia Prva NL,2024-2025,https://www.oddsportal.com/football/croatia/prva-nl-2024-2025/vukovar-1991-sesvete-G4xWLgOH/,Vukovar 1991,Sesvete,27 Oct 2024,1:0,0:0,1.63,3.72,5.42,,3.42,5.38,1.67,2.09,1.65,1.96,1.98,1.78,1.97,1.74,2.25,1.58,2.26,1.56,2.58,1.45,2.57,1.38,3.32,1.28,3.34,1.22,,,,,,,,,,,,,,,,,,,,,,,,,,,,,1.06,7.53,,,,,,,1.07,6.65,,,1.25,3.55,,,2.38,1.54,2.23,1.62
Croatia Prva NL,2024-2025,https://www.oddsportal.com/football/croatia/prva-nl-2024-2025/croatia-zmijavci-orijent-dOc5zgwB/,Croatia Zmijavci,Orijent,27 Oct 2024,1:1,1:0,2.19,3.14,3.40,,,3.54,1.75,2.06,1.88,1.71,2.01,1.80,2.20,1.51,2.24,1.60,2.48,1.40,2.62,1.45,3.03,1.27,3.41,1.31,4.10,1.14,1.53,2.46,1.42,2.71,1.83,1.95,1.49,2.07,2.06,1.74,1.49,1.78,2.45,1.51,1.89,1.54,3.23,1.33,3.09,1.14,3.58,1.29,3.04,1.24,1.37,2.94,1.30,3.30,1.28,3.47,1.23,3.90,1.21,4.05,1.12,5.15,1.10,7.08,1.08,8.28,,,,,2.02,1.74,2.16,1.66
Croatia Prva NL,2024-2025,https://www.oddsportal.com/football/croatia/prva-nl-2024-2025/dugopolje-jarun-rgynmWMG/,Dugopolje,Jarun,02 Nov 2024,0:0,0:0,2.29,3.12,3.22,,3.05,2.99,1.80,2.01,1.70,2.03,2.04,1.76,1.98,1.74,2.31,1.56,2.22,1.56,2.71,1.43,2.65,1.43,3.53,1.30,3.40,1.28,1.57,2.35,,,1.92,1.86,1.07,1.81,2.16,1.67,1.05,1.59,2.57,1.48,1.09,1.41,3.35,1.31,2.61,1.10,3.90,1.26,2.61,1.18,1.42,2.76,1.05,1.59,1.31,3.26,1.05,1.59,1.21,4.19,1.05,1.59,1.11,6.63,1.05,1.59,1.10,6.20,1.05,1.59,2.02,1.74,1.91,1.85
Croatia Prva NL,2024-2025,https://www.oddsportal.com/football/croatia/prva-nl-2024-2025/zrinski-osjecko-bijelo-brdo-UT7t6aon/,Zrinski Osjecko,Bijelo Brdo,15 Mar 2025,0:1,0:1,4.14,2.80,2.08,,3.05,2.43,2.03,1.77,1.85,1.77,2.38,1.54,2.15,1.56,2.68,1.42,2.40,1.46,3.23,1.31,2.97,1.30,4.25,1.17,,,2.54,1.49,2.63,1.43,3.05,1.34,1.18,1.32,3.50,1.27,1.37,1.25,5.23,1.14,1.37,1.16,8.13,1.06,7.78,1.05,6.00,1.09,7.06,1.06,1.96,1.80,2.04,1.78,1.64,2.11,1.76,2.14,1.47,2.50,1.38,2.58,1.28,3.37,1.22,3.25,1.22,3.89,1.17,3.73,2.47,1.48,2.07,1.72
Croatia Prva NL,2024-2025,https://www.oddsportal.com/football/croatia/prva-nl-2024-2025/sesvete-dubrava-zagreb-fTjbqVCD/,Sesvete,Dubrava,01 May 2025,1:3,1:0,2.46,3.12,2.93,,3.55,4.00,1.80,1.99,1.56,2.16,2.09,1.69,1.81,1.81,2.37,1.53,2.20,1.60,2.83,1.40,2.38,1.46,3.57,1.27,3.39,1.25,1.94,1.91,1.01,2.04,2.26,1.60,1.02,1.70,2.81,1.39,1.04,1.53,3.13,1.33,1.04,1.36,4.17,1.21,2.52,1.07,4.40,1.22,2.49,1.16,1.62,2.24,1.01,2.51,1.51,2.42,1.01,2.98,1.31,3.24,1.12,3.72,1.19,4.69,1.06,5.32,1.15,5.43,1.05,5.91,2.02,1.74,1.99,1.78
Croatia Prva NL,2024-2025,https://www.oddsportal.com/football/croatia/prva-nl-2024-2025/jarun-dubrava-zagreb-GzyUZ6U9/,Jarun,Dubrava,07 Sep 2024,3:1,0:1,2.40,3.23,2.92,,3.32,2.68,1.74,2.08,1.38,2.71,2.00,1.81,1.59,2.16,2.23,1.60,1.82,1.91,2.58,1.46,2.05,1.71,3.32,1.32,2.38,1.49,,,,,2.02,1.76,1.04,1.77,2.33,1.58,1.04,1.59,2.76,1.42,1.09,1.40,3.63,1.27,4.90,1.10,4.04,1.24,3.79,1.18,1.51,2.45,1.50,2.56,1.40,2.83,1.39,3.00,1.27,3.55,1.19,3.84,1.13,5.97,1.15,5.83,1.13,5.93,1.13,6.51,2.02,1.74,1.62,2.15
Croatia Prva NL,2024-2025,https://www.oddsportal.com/football/croatia/prva-nl-2024-2025/vukovar-1991-orijent-EutFPyPh/,Vukovar 1991,Orijent,20 Oct 2024,0:1,0:0,1.49,4.09,6.55,1.50,3.65,6.78,1.60,2.26,1.90,1.90,1.86,1.94,2.10,1.58,2.13,1.68,2.40,1.46,2.41,1.53,2.85,1.32,3.05,1.36,3.78,1.17,1.16,5.08,1.09,6.49,1.25,3.81,1.13,3.85,1.36,3.01,1.27,2.91,1.51,2.48,1.27,2.48,1.71,2.09,2.42,1.40,1.96,1.83,2.14,1.74,1.08,7.33,1.08,7.44,1.11,6.60,1.07,8.40,,,,,,,,,,,,,2.50,1.50,2.75,1.43
Croatia Prva NL,2024-2025,https://www.oddsportal.com/football/croatia/prva-nl-2024-2025/jarun-croatia-zmijavci-M1izYEZ2/,Jarun,Croatia Zmijavci,22 Feb 2025,1:1,1:0,1.90,3.43,3.95,,3.30,2.65,1.81,1.98,1.76,1.95,2.08,1.71,2.05,1.69,2.36,1.53,2.33,1.53,2.85,1.40,2.76,1.39,3.61,1.26,3.60,1.24,1.36,2.97,,,1.62,2.23,,,1.87,1.84,,,2.17,1.66,,,2.73,1.43,,,3.14,1.34,,,1.27,3.53,,,1.24,3.78,,,1.13,5.50,,,1.04,9.16,,,1.06,8.39,,,2.28,1.59,2.03,1.75
Croatia Prva NL,2024-2025,https://www.oddsportal.com/football/croatia/prva-nl-2024-2025/dugopolje-orijent-WddphI4D/,Dugopolje,Orijent,16 Nov 2024,1:1,0:1,2.23,3.10,3.36,2.38,2.90,3.05,1.93,1.89,1.95,1.85,2.20,1.63,2.08,1.57,2.55,1.46,2.43,1.45,3.03,1.37,2.82,1.31,3.94,1.25,3.90,1.21,1.59,2.32,1.20,2.40,1.90,1.94,1.70,1.89,2.15,1.65,2.18,1.64,2.60,1.46,2.18,1.45,3.57,1.27,2.38,1.11,3.87,1.25,2.38,1.20,1.42,2.76,1.13,2.95,1.31,3.28,1.10,3.45,1.20,4.13,1.05,4.52,1.10,7.06,1.05,7.24,,,,,2.11,1.68,2.05,2.05
Croatia Prva NL,2024-2025,https://www.oddsportal.com/football/croatia/prva-nl-2024-2025/zrinski-osjecko-cibalia-vHvqUBHU/,Zrinski Osjecko,Cibalia,18 Feb 2025,1:3,1:2,3.85,3.44,1.93,3.02,3.30,2.27,1.65,2.17,1.73,2.00,1.92,1.83,2.01,1.72,2.17,1.61,2.30,1.55,2.47,1.48,2.72,1.41,3.13,1.33,3.50,1.26,2.71,1.42,1.01,1.47,3.17,1.33,1.04,1.37,3.55,1.28,1.04,1.30,5.02,1.15,1.04,1.17,9.66,1.04,7.10,1.03,10.50,1.00,6.72,1.04,2.12,1.68,1.01,1.74,1.80,1.89,1.01,2.02,1.61,2.19,1.01,2.27,1.42,2.73,6.30,3.36,1.36,3.09,1.09,3.00,2.02,1.74,2.00,1.77
Croatia Prva NL,2024-2025,https://www.oddsportal.com/football/croatia/prva-nl-2024-2025/cibalia-dubrava-zagreb-vobNNfx8/,Cibalia,Dubrava,11 Oct 2024,1:2,0:1,2.03,3.23,3.75,2.07,3.32,3.19,1.55,2.36,1.35,2.66,1.85,1.99,1.55,2.12,2.05,1.73,1.80,1.89,2.32,1.56,2.03,1.69,2.91,1.40,2.33,1.46,,,,,1.79,2.00,1.04,2.13,2.05,1.72,1.04,1.84,2.38,1.54,1.09,1.60,2.97,1.37,2.49,1.16,3.30,1.33,2.49,1.28,1.38,2.91,1.40,3.19,1.32,3.28,1.32,3.70,1.20,4.31,1.16,4.83,1.09,7.42,1.12,7.60,1.11,6.80,1.11,8.30,1.87,1.87,1.69,2.11
Croatia Prva NL,2024-2025,https://www.oddsportal.com/football/croatia/prva-nl-2024-2025/vukovar-1991-dubrava-zagreb-fRLVAyNh/,Vukovar 1991,Dubrava,17 May 2025,2:1,0:1,1.22,5.84,12.70,,5.00,12.40,1.37,2.89,1.54,2.32,1.56,2.29,1.77,1.92,1.77,1.98,2.00,1.71,1.99,1.78,2.30,1.55,2.32,1.54,2.85,1.37,1.05,8.50,,,1.11,6.34,,,1.22,4.15,,,1.24,3.87,,,1.30,3.30,,,1.48,2.49,,,,,,,,,,,,,,,,,,,,,,,2.68,1.39,2.70,1.44
Croatia Prva NL,2024-2025,https://www.oddsportal.com/football/croatia/prva-nl-2024-2025/jarun-rudes-G8CJtFsf/,Jarun,Rudes,19 Sep 2024,1:2,1:1,3.64,3.43,1.98,2.27,3.30,3.02,1.49,2.49,1.53,2.34,1.73,2.02,1.77,1.94,1.97,1.79,2.00,1.72,2.22,1.61,2.30,1.55,2.72,1.42,2.80,1.38,2.56,1.49,,,3.09,1.31,,,3.23,1.30,,,4.10,1.20,,,7.62,1.09,,,,,,,2.05,1.74,,,1.75,2.00,,,1.60,2.26,,,1.39,2.84,,,1.35,3.15,,,1.87,1.87,1.82,1.94
Croatia Prva NL,2024-2025,https://www.oddsportal.com/football/croatia/prva-nl-2024-2025/bijelo-brdo-rudes-IkKqrRVi/,Bijelo Brdo,Rudes,13 Apr 2025,2:0,1:0,2.47,2.86,2.81,,2.85,2.70,2.04,1.72,1.94,1.70,2.37,1.51,2.26,1.51,2.72,1.40,2.52,1.42,3.30,1.29,,,4.75,1.15,4.40,1.14,1.78,2.00,1.01,2.09,2.15,1.65,1.02,1.71,2.59,1.46,1.04,1.53,3.18,1.32,1.04,1.35,4.68,1.17,6.94,1.13,5.29,1.14,6.44,1.15,1.52,2.40,40.77,2.92,1.38,2.84,1.01,3.15,1.26,3.53,1.22,4.17,1.14,5.31,1.21,6.81,1.12,6.03,1.18,7.56,2.16,1.66,2.14,1.67
Croatia Prva NL,2024-2025,https://www.oddsportal.com/football/croatia/prva-nl-2024-2025/rudes-jarun-tU49xNaT/,Rudes,Jarun,19 Apr 2025,0:2,0:2,1.68,3.42,4.73,,3.13,4.13,1.64,2.10,1.78,1.84,1.93,1.79,2.12,1.63,2.20,1.60,2.45,1.48,2.55,1.43,2.92,1.31,3.25,1.28,3.98,1.17,1.23,3.73,1.01,3.32,1.48,2.49,1.02,2.50,1.69,2.10,1.04,2.05,1.94,1.81,1.04,1.76,2.35,1.54,2.34,1.15,2.73,1.41,2.31,1.37,1.20,4.02,1.01,3.76,1.20,4.40,1.01,4.20,1.13,5.90,1.10,4.29,1.01,11.00,1.05,4.37,,,,,2.04,1.74,2.12,1.69
Croatia Prva NL,2024-2025,https://www.oddsportal.com/football/croatia/prva-nl-2024-2025/opatija-zrinski-osjecko-Ic6bbv9d/,Opatija,Zrinski Osjecko,04 Oct 2024,2:1,0:0,1.48,3.65,8.34,1.41,3.80,9.60,1.78,2.02,1.60,2.20,2.04,1.72,1.85,1.85,2.39,1.53,2.10,1.65,2.83,1.43,2.42,1.50,3.75,1.27,3.00,1.34,,,,,1.33,3.22,1.05,3.39,1.48,2.60,1.04,2.66,1.59,2.28,1.09,2.17,1.84,1.92,2.63,1.17,2.07,1.71,2.30,1.45,1.08,5.15,28.90,3.95,,,,,,,,,,,,,,,,,2.64,1.45,2.25,1.61
Croatia Prva NL,2024-2025,https://www.oddsportal.com/football/croatia/prva-nl-2024-2025/sesvete-vukovar-1991-4Edk1R6m/,Sesvete,Vukovar 1991,"1
Vukovar 1991",0:1,0:1,2.78,3.35,2.43,2.63,3.20,2.40,1.56,2.34,1.57,2.26,1.81,1.97,1.81,1.90,2.06,1.72,2.10,1.70,2.36,1.54,2.36,1.52,2.92,1.39,2.90,1.35,2.03,1.78,1.01,1.86,2.34,1.56,1.02,1.62,2.65,1.45,1.04,1.48,3.26,1.31,1.04,1.32,5.03,1.17,7.08,1.12,5.65,1.14,6.57,1.14,1.77,2.02,1.01,2.24,1.55,2.37,1.01,2.62,1.38,2.87,1.01,3.16,1.26,3.70,1.12,4.27,1.22,4.21,1.09,4.78,1.87,1.87,1.83,1.93
Croatia Prva NL,2024-2025,https://www.oddsportal.com/football/croatia/prva-nl-2024-2025/orijent-vukovar-1991-Mg7RJBlQ/,Orijent,Vukovar 1991,"1
Vukovar 1991",1:1,1:0,4.40,3.46,1.81,3.22,3.40,2.12,1.73,2.08,1.66,2.10,1.99,1.78,1.93,1.78,2.27,1.59,2.20,1.60,2.65,1.45,,,3.36,1.30,3.30,1.29,3.21,1.32,1.01,1.33,3.57,1.26,3.22,1.26,4.10,1.23,1.04,1.21,5.66,1.13,3.60,1.13,9.40,1.04,1.01,1.04,,,,,2.37,1.55,2.06,1.60,2.01,1.78,2.05,1.87,1.76,2.02,1.52,2.14,1.52,2.45,1.33,2.65,1.39,2.82,1.22,3.10,2.21,1.62,1.96,1.80
Croatia Prva NL,2024-2025,https://www.oddsportal.com/football/croatia/prva-nl-2024-2025/cibalia-zrinski-osjecko-QLv9iWeC/,Cibalia,Zrinski Osjecko,21 Sep 2024,5:0,1:0,1.97,3.51,3.61,,3.20,2.50,1.59,2.25,1.43,2.65,1.87,1.92,1.65,2.13,2.13,1.68,1.85,1.85,2.43,1.52,2.08,1.66,3.06,1.38,2.47,1.48,1.49,2.59,1.84,2.68,1.75,2.02,1.04,2.11,1.92,1.82,1.04,1.83,2.23,1.62,1.09,1.59,2.89,1.39,2.66,1.16,3.13,1.36,2.66,1.28,1.33,3.09,1.59,3.12,1.28,3.55,1.45,3.60,1.16,4.52,1.22,4.86,1.05,7.02,1.01,6.06,,,,,1.93,1.82,1.73,2.06
Croatia Prva NL,2024-2025,https://www.oddsportal.com/football/croatia/prva-nl-2024-2025/croatia-zmijavci-cibalia-fk6icV2E/,Croatia Zmijavci,Cibalia,02 Mar 2025,2:1,1:0,2.37,2.94,3.26,2.41,2.90,3.00,1.91,1.87,1.80,2.00,2.21,1.61,2.00,1.65,2.49,1.48,2.31,1.51,2.97,1.37,2.70,1.36,3.75,1.28,3.40,1.27,1.71,2.12,1.61,2.28,2.08,1.73,1.93,1.80,2.42,1.50,1.04,1.58,2.95,1.37,2.25,1.39,3.85,1.24,7.35,1.09,4.53,1.21,4.67,1.17,1.50,2.51,1.46,2.85,1.39,2.84,1.37,3.45,1.26,3.52,1.18,4.57,1.13,6.10,1.11,7.57,1.14,5.75,1.10,8.38,2.11,1.68,2.00,1.77
Croatia Prva NL,2024-2025,https://www.oddsportal.com/football/croatia/prva-nl-2024-2025/sesvete-cibalia-SKwSf4Fc/,Sesvete,Cibalia,17 Apr 2025,1:2,0:0,1.74,3.10,4.95,2.15,3.24,3.08,1.68,2.04,1.58,2.12,1.98,1.75,1.88,1.81,2.25,1.58,2.14,1.62,2.64,1.41,2.46,1.43,3.30,1.27,3.14,1.27,1.26,3.49,1.01,3.59,1.50,2.43,1.02,2.51,1.72,2.08,1.04,2.07,1.98,1.78,1.04,1.79,2.40,1.52,2.56,1.21,2.77,1.40,2.56,1.38,1.22,3.86,1.01,4.30,1.23,4.00,1.01,4.90,1.11,5.97,1.01,7.02,1.02,9.80,1.04,13.05,,,,,2.10,1.70,1.87,1.89
Croatia Prva NL,2024-2025,https://www.oddsportal.com/football/croatia/prva-nl-2024-2025/rudes-vukovar-1991-bmxR0xse/,Rudes,Vukovar 1991,"1
Vukovar 1991",0:1,0:0,3.15,3.15,2.24,,3.15,2.14,1.87,1.87,1.93,1.78,2.17,1.62,2.24,1.57,2.47,1.48,2.38,1.47,3.02,1.33,3.00,1.33,3.75,1.23,4.00,1.20,,,,,2.86,1.38,1.05,1.32,3.18,1.32,1.04,1.26,4.75,1.16,1.09,1.13,7.94,1.07,1.01,1.07,7.00,1.10,6.55,1.08,1.93,1.83,97.34,1.46,1.69,2.12,97.34,1.46,1.48,2.50,97.34,1.46,1.30,3.27,97.34,1.46,1.24,3.73,97.34,1.46,2.18,1.61,2.20,1.64
Croatia Prva NL,2024-2025,https://www.oddsportal.com/football/croatia/prva-nl-2024-2025/vukovar-1991-bijelo-brdo-vyXqD6WH/,Vukovar 1991,Bijelo Brdo,05 Apr 2025,2:0,0:0,1.37,4.03,11.20,1.38,4.00,8.45,1.88,1.91,1.62,2.05,2.14,1.67,1.89,1.74,2.45,1.50,2.18,1.58,2.98,1.37,2.52,1.41,3.88,1.25,3.28,1.25,1.07,7.48,1.05,1.01,1.25,3.72,1.05,3.22,1.40,2.81,1.10,2.03,1.49,2.51,1.10,2.28,1.68,2.15,2.16,1.23,1.98,1.80,1.65,1.60,1.05,7.00,1.04,4.03,,,,,,,,,,,,,,,,,3.22,1.32,2.60,1.47
Croatia Prva NL,2024-2025,https://www.oddsportal.com/football/croatia/prva-nl-2024-2025/rudes-sesvete-rTTzGN4k/,Rudes,Sesvete,01 Jun 2025,1:3,1:2,1.72,3.75,4.52,2.02,3.25,3.28,1.36,2.94,1.57,2.14,1.55,2.33,1.81,1.81,1.78,1.97,2.15,1.67,1.95,1.80,2.38,1.46,2.28,1.58,2.97,1.30,1.28,3.34,1.51,2.93,1.46,2.53,1.04,2.33,1.64,2.06,1.04,2.05,1.87,1.90,1.09,1.78,2.18,1.64,2.46,1.24,2.47,1.49,2.19,1.41,1.23,3.93,1.39,3.32,,,,,,,,,1.04,8.20,1.01,7.43,,,,,1.87,1.87,1.85,1.91
Croatia Prva NL,2024-2025,https://www.oddsportal.com/football/croatia/prva-nl-2024-2025/dubrava-zagreb-rudes-fJPVjENi/,Dubrava,Rudes,03 Nov 2024,1:0,0:0,2.38,3.42,2.80,2.24,3.35,2.89,1.64,2.19,1.65,2.10,1.92,1.88,1.89,1.73,2.16,1.65,2.18,1.58,2.50,1.49,2.54,1.40,3.17,1.34,3.20,1.30,1.74,2.05,1.08,2.22,2.02,1.75,1.08,1.82,2.33,1.58,1.08,1.61,2.76,1.42,1.08,1.43,3.89,1.25,6.88,1.11,4.44,1.20,6.17,1.20,1.57,2.31,1.08,2.67,1.41,2.77,1.08,3.12,1.29,3.41,1.04,3.96,1.19,4.66,1.08,5.85,1.14,5.63,1.05,6.44,1.93,1.82,2.00,1.77
Croatia Prva NL,2024-2025,https://www.oddsportal.com/football/croatia/prva-nl-2024-2025/orijent-croatia-zmijavci-0tjba5y0/,Orijent,Croatia Zmijavci,17 Aug 2024,0:0,0:0,1.91,3.61,3.72,1.92,3.60,3.61,1.53,2.39,1.53,2.34,1.79,2.00,1.77,1.94,2.04,1.73,2.00,1.72,2.30,1.57,2.30,1.55,2.86,1.40,2.85,1.37,1.40,2.87,1.46,3.38,1.59,2.28,1.74,2.51,1.80,1.95,2.02,2.11,2.06,1.75,2.02,1.84,2.50,1.52,2.07,1.16,2.83,1.41,2.07,1.40,1.27,3.56,1.36,3.94,1.28,3.55,1.30,4.50,1.13,5.42,1.15,4.50,1.03,10.40,1.07,4.50,,,,,,,,
Croatia Prva NL,2024-2025,https://www.oddsportal.com/football/croatia/prva-nl-2024-2025/dugopolje-jarun-rXwN8otP/,Dugopolje,Jarun,10 May 2025,2:1,0:0,1.94,3.46,3.77,2.45,3.35,2.70,1.65,2.18,1.62,2.15,1.93,1.85,1.88,1.82,2.20,1.62,2.13,1.61,2.55,1.47,,,3.25,1.32,3.10,1.31,,,,,1.66,2.16,1.02,2.17,1.94,1.84,1.04,1.84,2.21,1.62,201.00,1.74,2.73,1.41,2.75,1.17,3.12,1.34,2.72,1.30,1.30,3.32,1.01,3.56,1.28,3.55,1.01,4.12,1.16,4.78,1.23,5.79,1.06,7.96,1.04,9.45,,,,,2.11,1.68,1.90,1.86
Croatia Prva NL,2024-2025,https://www.oddsportal.com/football/croatia/prva-nl-2024-2025/sesvete-bijelo-brdo-pOMRYKp9/,Sesvete,Bijelo Brdo,11 Oct 2024,1:3,0:1,1.68,3.16,6.36,,3.80,6.44,1.87,1.93,1.52,2.18,2.17,1.64,1.81,1.88,2.48,1.49,2.05,1.68,2.98,1.38,2.29,1.47,3.77,1.26,2.82,1.31,,,,,1.45,2.67,1.04,2.88,1.68,2.14,1.04,2.28,1.87,1.91,1.09,1.93,2.30,1.60,,,2.55,1.48,2.00,1.43,1.17,4.81,1.42,3.05,1.13,5.90,1.42,3.05,,,,,1.01,11.50,1.42,3.05,,,,,2.38,1.54,2.14,1.67
Croatia Prva NL,2024-2025,https://www.oddsportal.com/football/croatia/prva-nl-2024-2025/bijelo-brdo-dugopolje-ULsFeNzP/,Bijelo Brdo,Dugopolje,18 Aug 2024,1:1,1:0,1.91,3.39,3.97,,,3.12,1.67,2.18,1.49,1.49,1.93,1.86,1.72,2.00,2.16,1.64,1.95,1.76,2.49,1.49,2.22,1.58,3.17,1.34,2.70,1.41,,,,,1.60,2.26,1.90,2.74,1.80,1.95,2.22,2.23,2.10,1.73,2.22,1.91,2.56,1.49,2.14,1.26,2.93,1.39,2.14,1.45,1.24,3.63,1.44,4.65,1.25,3.80,1.35,5.34,1.16,5.25,1.17,7.26,1.02,11.50,1.06,11.08,,,,,2.02,1.74,1.79,1.98
Croatia Prva NL,2024-2025,https://www.oddsportal.com/football/croatia/prva-nl-2024-2025/sesvete-bijelo-brdo-QHMDgLZR/,Sesvete,Bijelo Brdo,21 Mar 2025,0:1,0:0,3.31,2.97,2.17,,,,1.91,1.80,,,2.22,1.56,1.81,1.81,2.46,1.46,2.09,1.63,3.12,1.30,2.43,1.44,4.30,1.15,,,1.99,1.82,1.01,2.12,2.35,1.57,1.02,1.79,1.90,1.79,1.04,1.60,2.90,1.36,1.04,1.42,6.09,1.11,2.63,1.08,5.00,1.14,2.33,1.17,1.67,2.15,1.01,2.53,1.58,2.44,1.01,2.94,1.37,2.87,1.01,3.81,1.24,3.57,1.04,6.14,1.17,4.45,1.04,6.97,2.12,1.69,1.95,1.81
Croatia Prva NL,2024-2025,https://www.oddsportal.com/football/croatia/prva-nl-2024-2025/zrinski-osjecko-opatija-0GfdwABr/,Zrinski Osjecko,Opatija,01 Mar 2025,0:0,0:0,4.14,2.91,1.95,,3.20,,1.97,1.80,1.85,1.95,2.31,1.56,1.96,1.68,2.53,1.46,2.38,1.47,3.18,1.31,2.69,1.36,,,,,3.44,1.28,,,3.45,1.27,,,4.40,1.20,,,6.00,1.13,,,,,,,,,,,2.38,1.53,,,2.01,1.72,,,1.74,2.04,,,1.47,2.55,,,1.36,2.96,,,2.23,1.62,2.50,1.50
Croatia Prva NL,2024-2025,https://www.oddsportal.com/football/croatia/prva-nl-2024-2025/opatija-bijelo-brdo-2JqmGUj3/,Opatija,Bijelo Brdo,15 Nov 2024,5:0,4:0,2.05,3.49,3.38,,,5.41,1.84,1.96,1.71,1.88,2.14,1.67,1.99,1.65,2.46,1.49,2.26,1.54,2.95,1.39,2.64,1.37,4.01,1.25,3.35,1.22,1.47,2.63,1.01,2.83,1.72,2.10,1.20,2.11,1.95,1.81,1.41,1.80,2.29,1.59,1.41,1.56,2.97,1.37,2.28,1.14,3.42,1.30,2.22,1.25,1.30,3.35,1.01,3.46,1.28,3.47,1.01,4.10,1.16,4.90,1.01,5.57,1.06,8.22,1.04,9.29,,,,,2.21,1.62,2.40,1.54
Croatia Prva NL,2024-2025,https://www.oddsportal.com/football/croatia/prva-nl-2024-2025/rudes-dugopolje-MX5fM2I0/,Rudes,Dugopolje,19 Oct 2024,1:2,1:0,1.68,3.45,5.49,1.77,3.30,4.46,1.56,2.35,1.57,2.08,1.84,1.97,1.84,1.77,2.06,1.72,2.18,1.58,2.34,1.56,2.43,1.44,2.92,1.37,3.05,1.27,,,,,1.41,2.77,1.12,3.03,1.62,2.26,1.25,2.41,1.76,2.05,1.25,2.06,2.02,1.75,1.89,1.29,2.37,1.55,1.70,1.54,1.15,4.50,1.07,4.92,1.14,5.75,1.06,5.60,,,,,1.01,11.00,1.03,17.77,,,,,2.02,1.74,2.20,1.64
Croatia Prva NL,2024-2025,https://www.oddsportal.com/football/croatia/prva-nl-2024-2025/dugopolje-opatija-YmeFPG7e/,Dugopolje,Opatija,11 Oct 2024,2:2,0:1,2.45,2.92,3.13,,3.13,2.46,1.94,1.86,1.55,2.12,2.21,1.63,1.84,1.84,2.54,1.47,2.09,1.65,3.04,1.37,2.34,1.45,3.88,1.25,2.94,1.29,,,,,2.02,1.76,1.04,1.58,2.36,1.56,1.04,1.45,2.88,1.39,1.09,1.30,4.02,1.23,6.00,1.07,4.54,1.20,5.45,1.13,1.47,2.59,1.65,2.23,1.35,3.07,1.49,2.61,1.23,3.92,1.24,3.27,1.13,6.08,1.17,4.63,1.12,6.25,1.15,5.18,2.21,1.62,1.83,1.93
Croatia Prva NL,2024-2025,https://www.oddsportal.com/football/croatia/prva-nl-2024-2025/zrinski-osjecko-vukovar-1991-48PfoAiT/,Zrinski Osjecko,Vukovar 1991,"3
Vukovar 1991",1:3,0:1,4.94,3.44,1.74,,3.65,1.57,1.79,2.01,1.64,2.13,2.04,1.77,1.90,1.80,2.29,1.57,2.13,1.61,2.69,1.43,2.50,1.46,3.40,1.30,3.20,1.31,3.67,1.25,1.10,1.26,4.23,1.20,1.10,1.20,4.65,1.18,1.10,1.17,6.13,1.10,1.10,1.10,9.00,1.03,15.30,1.03,,,,,2.53,1.48,1.10,1.50,2.12,1.69,1.10,1.75,1.86,1.91,1.05,1.98,1.60,2.30,1.52,2.35,1.46,2.60,1.33,2.73,2.21,1.62,2.10,1.70
Croatia Prva NL,2024-2025,https://www.oddsportal.com/football/croatia/prva-nl-2024-2025/rudes-jarun-K0q9HYXO/,Rudes,Jarun,01 Dec 2024,1:1,0:1,1.83,3.45,4.29,,3.35,4.94,1.72,2.10,,,1.98,1.81,1.99,1.65,2.23,1.61,2.31,1.51,2.62,1.45,2.64,1.37,3.44,1.29,3.35,1.22,1.34,3.12,1.05,3.91,1.58,2.31,1.18,2.68,1.81,1.93,1.31,2.17,2.04,1.74,1.31,1.87,2.54,1.49,2.69,1.25,2.91,1.39,2.39,1.44,1.28,3.47,1.04,4.62,1.22,4.15,1.04,5.34,1.12,5.72,1.02,7.78,1.06,7.84,1.01,16.48,,,,,2.11,1.68,2.20,1.64
Croatia Prva NL,2024-2025,https://www.oddsportal.com/football/croatia/prva-nl-2024-2025/croatia-zmijavci-vukovar-1991-M9N7V6eE/,Croatia Zmijavci,Vukovar 1991,"0
Vukovar 1991",1:0,0:0,3.74,2.91,2.18,,3.34,2.05,1.92,1.88,,,2.23,1.61,1.59,2.05,2.52,1.47,1.85,1.85,3.05,1.37,2.09,1.66,3.98,1.24,,,2.57,1.49,,,3.06,1.35,,,3.46,1.28,,,4.33,1.19,,,8.24,1.08,,,,,,,1.99,1.79,,,1.71,2.08,,,1.51,2.44,,,1.32,3.29,,,1.27,3.72,,,2.21,1.62,1.69,2.11
Croatia Prva NL,2024-2025,https://www.oddsportal.com/football/croatia/prva-nl-2024-2025/sesvete-jarun-n79D2Qvf/,Sesvete,Jarun,14 Mar 2025,0:1,0:0,2.29,2.99,3.23,,3.05,,1.79,1.97,1.75,1.97,2.10,1.67,1.99,1.66,2.41,1.50,2.31,1.51,2.91,1.36,,,3.77,1.23,3.50,1.25,1.65,2.17,1.01,2.44,1.98,1.79,1.05,1.93,2.18,1.61,1.04,1.68,2.73,1.41,1.09,1.46,3.79,1.23,3.06,1.10,3.99,1.22,2.97,1.19,1.46,2.55,1.02,3.00,1.36,2.93,1.01,3.55,1.23,3.87,1.01,4.67,1.10,6.05,1.05,7.47,1.10,6.27,1.04,8.25,2.00,1.73,2.09,1.71
Croatia Prva NL,2024-2025,https://www.oddsportal.com/football/croatia/prva-nl-2024-2025/sesvete-orijent-2PxpTAVp/,Sesvete,Orijent,01 Nov 2024,3:3,2:0,1.92,3.38,3.95,,3.15,3.29,1.76,2.07,1.75,1.96,1.98,1.83,2.04,1.70,2.22,1.61,2.26,1.54,2.60,1.46,2.75,1.39,3.38,1.31,,,1.42,2.75,1.12,3.00,1.69,2.12,1.02,2.23,1.90,1.84,1.04,1.89,2.20,1.64,1.04,1.65,2.75,1.42,2.66,1.17,3.17,1.35,2.62,1.32,1.32,3.22,1.10,3.60,1.27,3.53,1.08,4.20,1.17,4.84,1.04,5.73,1.06,7.84,1.05,9.82,,,,,2.02,1.74,2.10,1.70
Croatia Prva NL,2024-2025,https://www.oddsportal.com/football/croatia/prva-nl-2024-2025/jarun-sesvete-ptILMJ3E/,Jarun,Sesvete,28 Mar 2025,0:2,0:1,2.01,3.19,3.71,,3.00,3.27,1.83,1.93,1.85,1.95,2.11,1.65,2.06,1.62,2.43,1.50,2.40,1.50,2.90,1.36,2.78,1.34,3.87,1.22,3.70,1.20,1.47,2.57,1.01,2.73,1.77,1.97,1.02,2.06,2.05,1.74,1.04,1.76,2.36,1.53,1.04,1.54,3.08,1.33,6.76,1.14,3.62,1.25,4.31,1.25,1.39,2.81,1.01,3.36,1.28,3.42,1.01,4.00,1.22,4.01,1.01,5.45,1.08,6.89,1.10,9.62,1.11,5.73,1.08,10.36,2.18,1.61,2.00,1.70
Croatia Prva NL,2024-2025,https://www.oddsportal.com/football/croatia/prva-nl-2024-2025/bijelo-brdo-dugopolje-tQ8Pajcf/,Bijelo Brdo,Dugopolje,04 May 2025,3:1,2:1,2.99,3.30,2.32,2.05,3.15,3.50,1.57,2.30,1.60,2.08,1.85,1.93,1.89,1.81,2.10,1.69,2.13,1.61,2.41,1.52,2.46,1.43,3.04,1.35,3.08,1.28,2.18,1.66,2.03,1.75,2.50,1.49,2.49,1.57,2.76,1.41,2.95,1.46,3.56,1.27,2.95,1.24,5.62,1.14,3.03,1.01,6.19,1.13,2.80,1.02,1.83,1.95,1.70,2.06,1.65,2.17,,,1.46,2.59,1.26,2.66,1.29,3.42,1.20,3.08,1.25,3.80,1.14,3.13,1.87,1.87,1.91,1.85
Croatia Prva NL,2024-2025,https://www.oddsportal.com/football/croatia/prva-nl-2024-2025/bijelo-brdo-dubrava-zagreb-4rIqE1Z1/,Bijelo Brdo,Dubrava,30 May 2025,2:1,1:1,1.61,4.26,4.68,,3.60,3.67,1.33,3.19,1.39,2.59,1.47,2.53,1.61,2.07,1.65,2.13,1.90,1.90,1.83,1.95,2.03,1.63,2.10,1.70,2.43,1.44,1.25,3.64,1.02,4.17,1.47,2.63,1.05,2.92,1.64,2.13,1.04,2.36,1.73,2.03,1.09,2.08,2.00,1.79,2.68,1.34,2.27,1.59,2.44,1.60,1.24,3.79,1.02,4.85,1.33,3.04,1.01,5.40,1.20,4.17,1.01,7.29,1.04,8.30,1.12,11.22,,,,,1.74,2.02,1.74,2.04
Croatia Prva NL,2024-2025,https://www.oddsportal.com/football/croatia/prva-nl-2024-2025/opatija-zrinski-osjecko-0YyzgrpA/,Opatija,Zrinski Osjecko,18 Apr 2025,,,1.20,5.25,13.40,,4.55,9.05,1.44,2.48,1.42,2.49,1.68,2.01,1.67,2.06,1.93,1.78,1.89,1.80,2.16,1.58,2.16,1.61,2.66,1.39,2.59,1.39,1.06,9.90,1.02,2.00,1.10,5.30,1.03,4.68,,,,,1.26,3.44,1.04,2.56,1.32,3.05,1.43,1.62,1.54,2.34,1.43,2.17,,,,,,,,,,,,,,,,,,,,,2.84,1.40,2.28,1.60
Croatia Prva NL,2024-2025,https://www.oddsportal.com/football/croatia/prva-nl-2024-2025/zrinski-osjecko-dubrava-zagreb-IZNB7rnA/,Zrinski Osjecko,Dubrava,28 Sep 2024,0:1,0:1,2.14,3.44,3.23,,3.65,1.79,1.61,2.16,1.51,2.40,1.89,1.84,1.74,1.97,2.14,1.65,2.03,1.70,2.49,1.46,2.26,1.57,3.16,1.31,2.75,1.39,1.60,2.27,,,1.85,1.89,,,2.08,1.73,,,2.51,1.48,,,3.28,1.31,,,3.61,1.25,,,1.44,2.64,,,,,,,1.24,3.76,,,1.10,6.38,,,1.10,6.79,,,1.93,1.82,2.00,1.77
Croatia Prva NL,2024-2025,https://www.oddsportal.com/football/croatia/prva-nl-2024-2025/rudes-sesvete-nTf1Ia0S/,Rudes,Sesvete,05 Oct 2024,2:0,2:0,1.93,3.58,3.68,2.46,3.50,2.55,1.58,2.28,1.50,2.42,1.84,1.94,1.72,2.00,2.10,1.69,1.95,1.76,2.38,1.54,2.23,1.58,3.03,1.37,,,1.41,2.79,1.76,3.11,1.65,2.14,1.04,2.36,1.84,1.91,1.04,2.00,2.13,1.70,1.09,1.72,2.61,1.47,2.44,1.20,3.01,1.37,2.44,1.36,1.31,3.26,1.55,3.66,1.28,3.55,1.44,4.20,1.16,4.89,1.22,5.59,1.06,7.84,1.09,9.01,,,,,2.02,1.74,1.78,1.99
Croatia Prva NL,2024-2025,https://www.oddsportal.com/football/croatia/prva-nl-2024-2025/croatia-zmijavci-bijelo-brdo-nmo1Jf3C/,Croatia Zmijavci,Bijelo Brdo,30 Nov 2024,0:1,0:1,1.92,3.41,3.93,2.04,3.35,3.34,1.88,1.95,1.60,2.20,2.16,1.65,1.81,1.81,2.43,1.51,2.09,1.63,3.01,1.38,2.34,1.47,3.93,1.24,3.00,1.33,,,,,1.64,2.21,1.08,2.36,1.87,1.87,1.16,1.95,2.19,1.65,1.16,1.69,2.80,1.41,2.73,1.17,3.12,1.35,2.63,1.32,1.28,3.39,1.01,4.09,1.26,3.70,1.01,4.80,1.11,5.70,1.01,6.75,1.04,7.41,1.05,11.25,,,,,2.28,1.59,1.95,1.81
Croatia Prva NL,2024-2025,https://www.oddsportal.com/football/croatia/prva-nl-2024-2025/vukovar-1991-dugopolje-jabD3i7c/,Vukovar 1991,Dugopolje,09 Nov 2024,5:0,3:0,1.54,4.06,5.73,1.37,4.20,7.32,1.62,2.21,1.59,2.05,1.88,1.90,2.05,2.05,2.14,1.67,2.05,2.05,2.47,1.50,2.05,2.05,3.09,1.36,2.05,2.05,1.18,4.58,1.01,5.29,1.33,3.11,1.02,3.25,1.50,2.49,1.04,2.51,1.61,2.23,1.04,2.18,1.85,1.93,2.38,1.31,2.06,1.72,1.79,1.58,1.15,5.12,1.01,6.14,1.13,5.90,1.01,7.00,,,,,,,,,,,,,2.28,1.59,2.75,1.43
Croatia Prva NL,2024-2025,https://www.oddsportal.com/football/croatia/prva-nl-2024-2025/cibalia-opatija-rZ2M0496/,Cibalia,Opatija,15 Mar 2025,0:1,0:0,2.39,2.73,3.38,,2.95,3.50,1.95,1.83,,,2.27,1.59,1.96,1.68,2.55,1.45,2.26,1.54,3.01,1.34,2.63,1.38,4.15,1.21,3.42,1.23,1.59,2.30,,,1.92,1.83,,,2.11,1.65,,,2.74,1.42,,,3.81,1.24,,,4.05,1.22,,,1.42,2.70,,,1.31,3.18,,,1.22,3.99,,,1.10,6.51,,,1.08,6.30,,,2.25,1.57,1.98,1.79
Croatia Prva NL,2024-2025,https://www.oddsportal.com/football/croatia/prva-nl-2024-2025/jarun-orijent-WlAVy5R8/,Jarun,Orijent,31 May 2025,1:4,1:2,3.56,3.87,1.89,2.50,3.30,2.40,1.40,2.81,1.49,2.30,1.61,2.24,1.73,1.90,1.81,1.93,2.05,1.75,2.02,1.76,2.26,1.51,2.36,1.55,2.78,1.34,2.56,1.47,1.02,1.63,2.70,1.42,1.03,1.47,2.81,1.36,1.04,1.38,3.88,1.23,1.04,1.21,4.82,1.08,1.01,1.01,5.37,1.15,3.97,1.01,1.96,1.82,1.04,1.21,1.71,2.05,1.04,1.21,1.53,2.39,1.04,1.21,1.41,2.85,1.04,1.21,1.39,2.91,1.04,1.21,1.72,1.96,1.73,2.05
Croatia Prva NL,2024-2025,https://www.oddsportal.com/football/croatia/prva-nl-2024-2025/dugopolje-zrinski-osjecko-jsTSXgI5/,Dugopolje,Zrinski Osjecko,30 Nov 2024,3:3,1:3,1.86,3.22,4.49,,3.45,4.34,1.86,1.95,1.49,2.43,2.15,1.66,1.68,1.95,2.41,1.51,1.95,1.76,2.85,1.41,2.16,1.55,3.64,1.27,2.70,1.41,1.29,3.27,1.01,3.77,1.56,2.35,1.05,2.57,1.80,1.98,1.09,2.08,2.06,1.75,1.09,1.80,2.61,1.47,2.60,1.21,2.94,1.39,2.58,1.39,1.25,3.76,1.01,4.53,1.20,4.40,1.01,5.30,1.10,6.07,1.01,7.68,1.03,9.40,1.04,11.54,1.01,8.90,1.04,12.27,2.28,1.59,1.73,2.05
Croatia Prva NL,2024-2025,https://www.oddsportal.com/football/croatia/prva-nl-2024-2025/dubrava-zagreb-croatia-zmijavci-bqnFqv7d/,Dubrava,Croatia Zmijavci,26 Apr 2025,1:0,1:0,2.72,2.88,2.83,,2.95,4.16,1.85,1.93,1.69,1.95,2.15,1.65,1.98,1.67,2.45,1.50,2.26,1.54,2.93,1.37,2.70,1.36,3.90,1.26,3.50,1.22,1.86,1.93,1.01,1.56,2.17,1.66,1.02,1.46,2.62,1.44,1.04,1.46,3.24,1.31,1.04,1.23,4.08,1.22,2.85,1.07,5.12,1.17,2.82,1.19,1.55,2.34,1.01,1.78,1.43,2.65,1.01,2.00,1.29,3.35,1.11,2.00,1.17,5.13,1.02,2.00,1.14,5.72,1.01,2.00,2.02,1.74,2.10,1.67
Croatia Prva NL,2024-2025,https://www.oddsportal.com/football/croatia/prva-nl-2024-2025/dubrava-zagreb-dugopolje-j11hKLVF/,Dubrava,Dugopolje,05 Oct 2024,2:0,2:0,2.08,3.21,3.63,,3.50,3.96,1.88,1.92,,,2.17,1.64,1.64,2.12,2.45,1.50,1.85,1.85,2.75,1.45,2.08,1.67,3.66,1.28,2.46,1.48,1.52,2.47,1.32,2.59,1.79,1.99,1.04,1.97,2.09,1.71,1.04,1.70,2.42,1.53,1.09,1.51,3.26,1.33,,,3.52,1.29,2.25,1.23,1.38,2.94,1.26,3.21,1.31,3.33,1.21,3.80,1.19,4.38,1.10,5.11,1.05,7.02,1.07,8.72,,,,,2.21,1.62,1.78,1.99
Croatia Prva NL,2024-2025,https://www.oddsportal.com/football/croatia/prva-nl-2024-2025/orijent-zrinski-osjecko-ziGQulFj/,Orijent,Zrinski Osjecko,09 Nov 2024,2:2,1:0,1.70,3.72,4.65,,3.75,5.10,1.76,2.02,1.78,2.03,2.02,1.77,1.97,1.67,2.29,1.57,2.35,1.57,2.68,1.43,2.61,1.38,3.52,1.28,3.50,1.26,1.28,3.46,1.01,3.73,1.49,2.50,1.02,2.64,1.71,2.09,1.05,2.15,1.91,1.86,1.05,1.89,2.32,1.60,2.11,1.25,2.65,1.45,1.87,1.47,1.25,3.81,1.01,4.41,1.19,4.50,1.01,5.10,1.11,6.07,1.01,7.16,1.05,8.57,1.04,13.57,,,,,2.28,1.59,2.50,1.50
Croatia Prva NL,2024-2025,https://www.oddsportal.com/football/croatia/prva-nl-2024-2025/rudes-opatija-Ec3hfmUq/,Rudes,Opatija,09 Nov 2024,1:2,1:2,1.85,3.29,4.45,,3.00,2.97,1.84,1.94,1.85,1.95,2.13,1.66,2.04,1.62,2.40,1.52,2.38,1.53,2.88,1.40,2.72,1.35,3.64,1.26,3.44,1.21,1.32,3.19,,,1.57,2.32,,,1.79,1.95,,,2.06,1.74,,,2.59,1.48,,,2.94,1.39,,,1.26,3.60,,,1.23,3.82,,,1.10,5.97,,,1.05,8.95,,,,,,,2.28,1.59,2.10,1.70
Croatia Prva NL,2024-2025,https://www.oddsportal.com/football/croatia/prva-nl-2024-2025/cibalia-dugopolje-tCNVMlR1/,Cibalia,Dugopolje,22 Feb 2025,2:1,1:0,1.94,3.40,3.87,1.82,3.30,3.99,1.72,2.07,,,1.99,1.79,2.00,1.72,2.23,1.59,2.25,1.62,2.62,1.44,2.70,1.41,3.44,1.28,3.50,1.26,,,,,1.61,2.26,,,1.78,1.94,,,2.11,1.69,,,2.64,1.46,,,3.02,1.36,,,1.26,3.57,,,1.26,3.60,,,1.12,5.60,,,1.04,9.66,,,,,,,2.11,1.68,2.10,1.70
Croatia Prva NL,2024-2025,https://www.oddsportal.com/football/croatia/prva-nl-2024-2025/opatija-orijent-n3mjoir1/,Opatija,Orijent,02 May 2025,2:3,0:1,1.70,3.72,4.65,2.04,3.35,3.34,1.76,2.04,1.73,1.90,2.03,1.74,2.04,1.68,2.31,1.56,2.31,1.51,2.71,1.43,2.70,1.36,3.53,1.27,3.50,1.22,,,,,1.44,2.64,1.02,2.91,1.62,2.21,1.04,2.29,1.87,1.92,1.04,2.02,2.23,1.62,5.20,1.29,2.57,1.46,3.41,1.52,1.20,4.35,1.39,4.99,1.27,3.67,1.32,5.74,1.12,6.25,1.16,8.62,1.01,11.00,1.06,10.01,,,,,2.38,1.54,2.00,1.77
Croatia Prva NL,2024-2025,https://www.oddsportal.com/football/croatia/prva-nl-2024-2025/dugopolje-dubrava-zagreb-4p9QrWmL/,Dugopolje,Dubrava,02 Mar 2025,2:0,0:0,2.03,3.12,3.90,,2.90,3.00,1.90,1.88,1.98,1.83,2.18,1.63,2.10,1.59,2.45,1.47,2.43,1.45,2.97,1.33,2.88,1.32,3.99,1.25,3.85,1.18,1.37,3.04,1.67,3.08,1.63,2.23,2.01,2.26,1.83,1.90,1.04,1.89,2.18,1.65,2.35,1.63,2.79,1.41,2.91,1.15,3.20,1.33,2.84,1.28,1.27,3.53,1.50,3.74,1.20,4.40,1.40,4.40,1.13,5.45,1.20,6.12,1.03,8.30,1.07,11.56,,,,,2.28,1.59,2.20,1.64
Croatia Prva NL,2024-2025,https://www.oddsportal.com/football/croatia/prva-nl-2024-2025/croatia-zmijavci-rudes-46G9BgeD/,Croatia Zmijavci,Rudes,06 Apr 2025,0:4,0:3,2.72,2.90,2.80,2.50,2.90,2.80,1.99,1.79,2.03,1.78,2.29,1.57,2.26,1.51,2.60,1.44,2.52,1.42,3.20,1.33,3.08,1.28,4.49,1.21,4.30,1.15,1.95,1.85,1.82,1.78,2.31,1.57,1.04,1.52,2.79,1.40,1.04,1.39,3.46,1.27,1.09,1.19,5.16,1.17,5.90,1.12,5.71,1.14,5.32,1.13,1.61,2.23,1.56,2.28,1.46,2.60,1.42,2.78,1.30,3.29,1.21,3.06,1.18,4.87,1.12,3.82,1.14,5.58,1.10,4.15,2.21,1.62,2.14,1.67
Croatia Prva NL,2024-2025,https://www.oddsportal.com/football/croatia/prva-nl-2024-2025/rudes-vukovar-1991-rcBZ7itg/,Rudes,Vukovar 1991,"1
Vukovar 1991",0:1,0:1,2.74,3.13,2.61,2.75,3.40,2.36,1.89,1.89,1.60,2.20,2.17,1.63,1.85,1.85,2.47,1.50,2.10,1.65,2.98,1.38,2.44,1.49,4.06,1.24,3.10,1.33,2.00,1.81,1.06,1.83,2.37,1.56,1.06,1.57,2.81,1.40,1.07,1.44,3.55,1.27,1.07,1.29,5.26,1.16,5.29,1.11,5.86,1.13,4.85,1.12,1.65,2.15,1.06,2.26,1.50,2.48,1.06,2.70,1.35,3.03,1.03,3.42,1.21,4.42,1.16,5.16,1.17,5.02,1.14,5.88,2.11,1.68,1.83,1.83
Croatia Prva NL,2024-2025,https://www.oddsportal.com/football/croatia/prva-nl-2024-2025/rudes-zrinski-osjecko-GIZY98nK/,Rudes,Zrinski Osjecko,09 Mar 2025,1:0,0:0,1.54,4.02,5.41,1.63,3.80,4.64,1.61,2.22,1.62,2.16,1.89,1.86,1.84,1.78,2.12,1.64,2.13,1.61,2.44,1.49,2.46,1.43,3.03,1.34,,,1.19,4.26,1.23,5.68,1.31,3.22,1.05,3.53,1.47,2.48,1.10,2.72,1.62,2.19,,,1.87,1.89,2.18,1.37,2.16,1.64,1.91,1.69,1.13,5.33,1.19,6.54,1.15,5.50,1.16,7.40,,,,,,,,,,,,,2.36,1.52,2.10,1.70
Croatia Prva NL,2024-2025,https://www.oddsportal.com/football/croatia/prva-nl-2024-2025/croatia-zmijavci-sesvete-zDi1hRbd/,Croatia Zmijavci,Sesvete,10 Nov 2024,0:4,0:1,1.98,3.31,3.83,2.27,3.10,2.96,1.78,2.02,1.63,1.99,2.01,1.79,1.89,1.73,2.34,1.55,2.25,1.62,2.71,1.43,2.50,1.41,3.37,1.31,3.08,1.26,1.58,2.36,1.01,2.49,1.88,1.90,1.12,1.96,2.13,1.67,1.24,1.70,2.57,1.47,1.24,1.51,3.36,1.31,2.97,1.10,3.61,1.27,2.95,1.25,1.42,2.72,1.01,2.92,1.31,3.29,1.01,3.33,1.21,4.14,1.01,3.99,1.10,6.95,1.10,5.16,1.11,6.80,1.09,5.55,1.93,1.82,2.00,1.77
Croatia Prva NL,2024-2025,https://www.oddsportal.com/football/croatia/prva-nl-2024-2025/opatija-sesvete-n1INCcht/,Opatija,Sesvete,16 May 2025,1:0,0:0,1.25,5.64,10.90,,3.84,5.96,,,,,1.62,2.20,1.68,2.04,1.84,1.90,1.89,1.80,2.07,1.73,2.14,1.62,2.44,1.51,2.56,1.40,,,,,1.16,4.72,1.26,6.14,1.25,3.80,1.40,4.18,1.29,3.28,1.50,3.60,1.37,2.95,2.62,1.72,1.56,2.31,1.87,2.28,,,,,,,,,,,,,,,,,,,,,2.64,1.45,1.97,1.79
Croatia Prva NL,2024-2025,https://www.oddsportal.com/football/croatia/prva-nl-2024-2025/cibalia-jarun-pYolPRs3/,Cibalia,Jarun,24 May 2025,1:1,0:0,2.04,3.45,3.45,,3.65,3.46,1.44,2.59,1.33,2.83,1.69,2.10,1.53,2.21,1.93,1.80,1.76,1.95,2.14,1.64,1.91,1.72,2.58,1.46,2.26,1.51,1.46,2.61,1.01,2.25,1.69,2.09,1.05,2.06,1.84,1.83,1.04,1.76,2.20,1.61,1.09,1.54,2.68,1.43,2.72,1.08,3.03,1.34,2.69,1.21,1.34,2.99,1.02,2.86,,,,,1.16,4.78,1.01,3.76,1.10,7.23,,,,,,,1.87,1.87,1.63,2.22
Croatia Prva NL,2024-2025,https://www.oddsportal.com/football/croatia/prva-nl-2024-2025/orijent-cibalia-UoXKIA2t/,Orijent,Cibalia,06 Apr 2025,2:2,1:1,2.06,3.10,3.82,2.24,2.90,3.35,1.77,2.01,1.90,1.90,2.05,1.72,2.10,1.59,2.35,1.55,2.40,1.46,2.79,1.41,2.83,1.33,3.65,1.27,3.82,1.19,1.47,2.61,1.61,2.58,1.76,2.02,1.05,2.00,2.04,1.74,1.10,1.73,2.38,1.53,1.10,1.53,3.06,1.35,3.37,1.10,3.43,1.29,3.34,1.25,1.34,3.06,1.44,3.13,1.26,3.54,1.34,3.70,1.17,4.57,1.17,4.92,1.07,7.00,1.10,6.42,1.11,6.80,1.08,6.77,2.11,1.68,2.04,1.74
Croatia Prva NL,2024-2025,https://www.oddsportal.com/football/croatia/prva-nl-2024-2025/croatia-zmijavci-dugopolje-YHt5Pzxn/,Croatia Zmijavci,Dugopolje,18 May 2025,4:1,1:0,2.29,3.38,2.98,1.89,3.55,3.76,1.68,2.13,1.65,2.10,1.97,1.81,1.88,1.82,2.20,1.60,2.15,1.63,2.63,1.44,2.48,1.48,3.37,1.29,3.15,1.30,1.63,2.24,1.35,2.23,1.96,1.82,1.37,1.85,2.25,1.61,1.04,1.63,2.67,1.43,1.63,1.33,3.59,1.27,2.63,1.12,3.86,1.25,2.59,1.02,1.44,2.65,1.27,2.76,1.32,3.15,1.16,3.30,1.22,4.04,1.11,3.37,1.13,6.06,1.06,3.44,1.12,6.25,1.05,3.47,2.02,1.74,1.95,1.81
Croatia Prva NL,2024-2025,https://www.oddsportal.com/football/croatia/prva-nl-2024-2025/orijent-bijelo-brdo-6TPdylte/,Orijent,Bijelo Brdo,01 Mar 2025,3:2,2:1,1.83,3.03,5.22,2.04,2.90,3.87,2.06,1.74,1.95,1.85,2.36,1.54,2.10,1.59,2.69,1.42,2.43,1.45,3.16,1.36,2.88,1.32,4.02,1.24,3.90,1.21,1.28,3.36,1.44,3.71,1.55,2.35,1.19,2.47,1.79,1.94,1.09,2.00,2.10,1.71,1.39,1.65,2.68,1.44,2.92,1.08,3.07,1.35,2.58,1.22,1.21,4.06,,,1.18,4.80,1.26,5.40,1.08,6.67,1.13,5.60,1.01,10.50,1.04,5.83,,,,,2.45,1.51,2.20,1.64
Croatia Prva NL,2024-2025,https://www.oddsportal.com/football/croatia/prva-nl-2024-2025/dubrava-zagreb-orijent-M1yCyxJt/,Dubrava,Orijent,30 Nov 2024,0:3,0:2,2.24,3.43,3.02,,3.45,3.41,1.78,2.05,1.75,1.95,2.02,1.79,2.05,1.61,2.31,1.57,2.30,1.55,2.65,1.44,2.85,1.32,3.49,1.29,3.60,1.25,1.67,2.18,1.41,2.31,1.94,1.83,1.66,1.86,2.25,1.62,1.92,1.63,2.63,1.45,3.47,1.53,3.43,1.30,2.96,1.12,3.90,1.26,2.92,1.22,1.48,2.52,1.29,2.81,1.38,2.91,1.23,3.28,1.24,3.87,1.11,4.40,1.11,6.46,1.03,7.31,1.10,6.08,1.03,8.15,2.02,1.74,2.05,1.73
Croatia Prva NL,2024-2025,https://www.oddsportal.com/football/croatia/prva-nl-2024-2025/bijelo-brdo-orijent-IBoXCwOk/,Bijelo Brdo,Orijent,05 Oct 2024,0:0,0:0,2.03,3.33,3.64,2.87,3.40,2.32,1.82,1.99,1.46,2.50,2.09,1.69,1.69,2.05,2.38,1.53,1.90,1.80,2.70,1.46,2.15,1.62,3.57,1.28,2.60,1.44,1.49,2.58,2.04,2.58,1.90,1.91,1.04,1.97,2.04,1.72,1.04,1.68,2.37,1.55,1.09,1.49,3.16,1.33,2.26,1.13,3.26,1.34,2.26,1.23,1.34,3.06,1.72,3.17,1.26,3.62,1.55,3.75,1.19,4.21,1.27,5.00,1.11,5.92,1.07,8.29,,,,,2.11,1.68,1.75,2.03
Croatia Prva NL,2024-2025,https://www.oddsportal.com/football/croatia/prva-nl-2024-2025/jarun-vukovar-1991-jF02Vmnn/,Jarun,Vukovar 1991,"0
Vukovar 1991",0:0,0:0,5.51,3.42,1.68,,3.15,1.90,1.98,1.80,1.88,1.82,2.27,1.58,2.26,1.51,2.58,1.46,2.49,1.43,3.11,1.34,3.14,1.27,4.22,1.23,4.00,1.20,4.07,1.21,2.69,1.23,4.71,1.17,3.24,1.18,5.50,1.15,1.04,1.15,,,,,11.00,1.01,,,,,,,2.69,1.43,2.04,1.48,2.17,1.65,1.75,1.73,1.91,1.86,1.53,1.92,1.62,2.24,1.32,2.25,1.45,2.60,1.21,2.54,2.64,1.45,2.35,1.56
Croatia Prva NL,2024-2025,https://www.oddsportal.com/football/croatia/prva-nl-2024-2025/dugopolje-sesvete-r3WrUybl/,Dugopolje,Sesvete,14 Sep 2024,0:0,0:0,2.26,3.19,3.19,2.70,3.25,2.37,1.83,1.98,1.65,2.05,2.10,1.69,1.91,1.76,2.40,1.52,2.18,1.58,2.92,1.39,2.54,1.43,3.63,1.28,3.28,1.27,1.62,2.26,1.84,2.31,2.02,1.79,1.04,1.85,2.27,1.61,1.04,1.63,2.65,1.45,1.09,1.42,3.55,1.28,7.39,1.09,3.98,1.25,4.84,1.17,1.44,2.67,1.59,2.85,1.34,3.11,1.45,3.20,1.24,3.81,1.22,4.30,1.11,6.81,1.16,6.35,1.10,6.20,1.14,6.97,2.11,1.68,2.00,1.77
Croatia Prva NL,2024-2025,https://www.oddsportal.com/football/croatia/prva-nl-2024-2025/sesvete-croatia-zmijavci-rNfL680N/,Sesvete,Croatia Zmijavci,30 Aug 2024,3:2,2:0,1.88,3.54,3.95,1.84,3.60,3.95,1.58,2.29,1.58,2.20,1.84,1.94,1.81,1.90,2.10,1.69,2.05,1.67,2.38,1.53,2.36,1.52,3.01,1.37,2.95,1.35,1.37,3.00,1.01,3.24,1.64,2.19,1.02,2.41,1.83,1.92,1.04,2.03,2.06,1.74,1.04,1.63,2.52,1.50,2.41,1.06,2.85,1.40,2.40,1.17,1.27,3.40,1.01,3.81,1.27,3.54,1.01,4.30,1.14,5.17,1.01,4.40,1.06,7.47,1.09,4.51,1.10,7.00,1.08,4.54,2.02,1.74,1.85,1.80
Croatia Prva NL,2024-2025,https://www.oddsportal.com/football/croatia/prva-nl-2024-2025/croatia-zmijavci-opatija-zciD8UVA/,Croatia Zmijavci,Opatija,25 Aug 2024,0:0,0:0,1.97,3.42,3.73,,3.55,3.56,1.45,2.59,1.34,3.00,1.67,2.10,1.53,2.34,1.93,1.83,1.72,2.00,2.11,1.67,1.90,1.80,2.51,1.47,2.20,1.60,1.46,2.62,1.13,2.56,1.70,2.12,1.13,2.04,1.97,1.79,1.13,1.75,2.20,1.62,1.15,1.57,2.74,1.41,,,3.01,1.37,2.39,1.29,1.35,3.01,5.10,3.14,1.28,3.55,5.10,3.14,1.19,4.44,5.10,3.14,1.08,8.06,5.10,3.14,,,,,1.74,2.02,1.63,2.22
Croatia Prva NL,2024-2025,https://www.oddsportal.com/football/croatia/prva-nl-2024-2025/jarun-zrinski-osjecko-lIzvKXhU/,Jarun,Zrinski Osjecko,27 Oct 2024,2:1,1:0,1.74,3.44,4.94,,4.20,6.05,1.74,2.07,1.70,2.02,2.00,1.80,1.89,1.73,2.24,1.60,2.18,1.58,2.61,1.46,2.50,1.41,3.34,1.31,3.30,1.30,,,,,1.48,2.56,1.39,2.33,1.69,2.12,1.57,1.96,1.91,1.86,1.74,1.73,2.28,1.62,2.62,1.15,2.64,1.46,2.33,1.38,1.22,4.10,1.16,3.68,1.18,4.80,1.13,4.20,1.11,6.80,1.06,4.20,1.03,9.10,,,,,,,2.21,1.62,2.17,1.66
Croatia Prva NL,2024-2025,https://www.oddsportal.com/football/croatia/prva-nl-2024-2025/orijent-croatia-zmijavci-QeXcKNwo/,Orijent,Croatia Zmijavci,12 Apr 2025,2:0,1:0,2.07,3.08,3.82,1.86,3.22,3.98,1.82,1.95,1.65,2.00,2.08,1.72,1.91,1.72,2.36,1.54,2.23,1.57,2.80,1.40,2.56,1.40,3.50,1.30,3.28,1.25,1.41,2.82,1.01,2.89,1.70,2.11,1.02,2.19,2.04,1.76,1.04,1.86,2.30,1.58,1.04,1.53,2.93,1.37,2.38,1.06,3.28,1.32,2.38,1.16,1.29,3.40,1.01,3.42,1.20,4.16,1.01,4.00,1.11,6.00,1.12,4.08,1.04,9.38,,,,,,,2.02,1.74,2.00,1.77
Croatia Prva NL,2024-2025,https://www.oddsportal.com/football/croatia/prva-nl-2024-2025/dugopolje-cibalia-SG3vzqdL/,Dugopolje,Cibalia,31 May 2025,1:1,0:1,2.66,3.90,2.29,,3.60,2.68,,,,,1.50,2.47,1.49,2.30,1.67,2.10,1.75,2.05,1.86,1.90,1.88,1.75,2.13,1.67,2.21,1.53,2.04,1.74,1.02,1.04,2.34,1.54,1.03,1.45,2.48,1.43,1.04,1.37,3.20,1.31,,,3.86,1.26,2.92,1.01,4.24,1.23,2.92,1.03,1.77,2.00,1.02,1.82,1.61,2.17,1.01,1.09,1.43,2.64,1.01,2.40,1.28,3.43,1.01,3.01,1.26,3.86,1.01,3.29,1.56,2.21,1.57,2.34
Croatia Prva NL,2024-2025,https://www.oddsportal.com/football/croatia/prva-nl-2024-2025/orijent-dubrava-zagreb-pl4zwXtJ/,Orijent,Dubrava,18 Sep 2024,2:0,2:0,1.91,3.51,3.82,2.22,3.25,2.93,1.52,2.41,1.62,2.04,1.77,2.01,1.90,1.75,2.04,1.74,2.18,1.58,2.27,1.59,2.54,1.42,2.85,1.41,,,,,,,1.64,2.22,1.01,2.29,1.85,1.90,1.01,1.94,2.11,1.71,1.02,1.69,2.59,1.48,3.23,1.19,2.91,1.40,2.67,1.34,1.30,3.36,49.40,2.40,1.31,3.33,49.40,2.40,1.16,4.95,49.40,2.40,1.07,7.56,49.40,2.40,,,,,1.87,1.87,1.97,1.79
Croatia Prva NL,2024-2025,https://www.oddsportal.com/football/croatia/prva-nl-2024-2025/cibalia-sesvete-URvKZFmg/,Cibalia,Sesvete,30 Nov 2024,0:0,0:0,2.34,3.23,3.02,2.24,3.45,2.84,1.76,2.06,1.51,2.20,2.03,1.80,1.78,1.83,2.26,1.59,1.85,1.85,2.64,1.45,2.34,1.47,3.46,1.30,2.88,1.30,1.70,2.11,1.01,2.19,2.01,1.77,1.08,1.80,2.33,1.58,1.16,1.60,2.76,1.41,1.16,1.41,3.74,1.26,2.92,1.10,4.22,1.22,2.92,1.19,1.50,2.47,1.01,2.64,1.38,2.89,1.01,3.05,1.26,3.66,1.01,4.04,1.14,5.79,1.11,6.46,1.12,6.38,1.10,7.25,2.02,1.74,1.80,1.96
Croatia Prva NL,2024-2025,https://www.oddsportal.com/football/croatia/prva-nl-2024-2025/zrinski-osjecko-jarun-Ygl6cq6C/,Zrinski Osjecko,Jarun,18 Aug 2024,0:2,0:1,5.00,3.74,1.59,,3.60,3.91,1.43,2.59,1.50,2.42,1.65,2.09,1.72,2.00,1.93,1.81,1.95,1.76,2.13,1.63,2.23,1.59,2.58,1.43,2.70,1.41,3.42,1.27,1.01,1.32,3.81,1.21,1.02,1.26,,,,,4.27,1.19,1.04,1.14,10.00,1.01,1.69,1.03,,,,,2.58,1.43,1.01,1.52,2.11,1.68,1.01,1.73,1.88,1.81,1.01,1.94,1.65,2.15,1.12,2.26,1.48,2.43,1.11,2.62,1.84,1.92,1.86,1.90
Croatia Prva NL,2024-2025,https://www.oddsportal.com/football/croatia/prva-nl-2024-2025/zrinski-osjecko-orijent-Cj20Fydl/,Zrinski Osjecko,Orijent,29 Mar 2025,1:3,1:1,4.24,2.88,1.94,3.92,3.00,1.98,1.78,1.97,1.67,1.98,2.06,1.68,1.95,1.69,2.36,1.53,2.22,1.56,2.78,1.39,2.63,1.38,3.59,1.25,3.34,1.24,,,,,3.04,1.34,1.04,1.28,3.34,1.29,1.04,1.23,4.97,1.15,1.09,1.11,7.90,1.05,8.41,1.03,,,,,2.01,1.76,2.09,1.52,1.71,2.08,1.79,1.70,1.53,2.38,1.39,1.93,1.33,3.12,1.24,2.31,1.27,3.51,1.17,2.43,2.03,1.75,1.97,1.79
Croatia Prva NL,2024-2025,https://www.oddsportal.com/football/croatia/prva-nl-2024-2025/opatija-dugopolje-2F9ae9XQ/,Opatija,Dugopolje,07 Mar 2025,2:0,1:0,2.01,3.05,4.10,,3.65,6.39,1.89,1.88,1.65,2.10,2.17,1.64,1.93,1.78,2.49,1.47,2.18,1.58,2.98,1.36,2.55,1.45,4.23,1.23,3.20,1.30,1.38,2.95,,,1.66,2.17,,,1.88,1.84,,,2.22,1.62,,,2.84,1.40,,,3.25,1.32,,,1.30,3.34,,,1.23,3.78,,,1.14,5.55,,,1.02,11.00,,,,,,,,,,
Croatia Prva NL,2024-2025,https://www.oddsportal.com/football/croatia/prva-nl-2024-2025/rudes-bijelo-brdo-jRSvlckK/,Rudes,Bijelo Brdo,15 Sep 2024,1:0,0:0,1.58,4.09,5.25,,3.85,4.43,1.39,2.85,,,1.59,2.28,1.56,2.26,1.81,1.95,,,1.99,1.77,1.96,1.75,2.36,1.55,2.28,1.56,1.20,4.26,1.16,4.65,1.34,3.10,1.04,3.16,1.50,2.48,1.04,2.53,1.65,2.17,1.09,2.21,1.87,1.89,2.08,1.37,2.13,1.68,1.84,1.64,1.15,4.98,1.13,5.32,1.16,5.25,1.11,6.00,1.08,6.58,,,1.02,9.90,1.04,12.00,,,,,1.93,1.82,1.75,2.03
Croatia Prva NL,2024-2025,https://www.oddsportal.com/football/croatia/prva-nl-2024-2025/rudes-dubrava-zagreb-ncEuCrL5/,Rudes,Dubrava,25 Aug 2024,1:2,1:1,1.88,3.54,3.95,2.01,3.40,3.52,1.39,2.85,1.39,2.75,1.61,2.24,1.60,2.20,1.83,1.93,1.80,1.90,2.01,1.75,2.00,1.71,2.40,1.53,2.36,1.52,1.36,3.01,,,1.57,2.32,,,1.83,1.93,,,2.02,1.79,,,2.42,1.54,,,2.75,1.44,,,1.28,3.49,,,1.24,3.90,,,1.14,5.42,,,1.07,8.37,,,1.10,6.98,,,1.74,2.02,1.68,2.13
Croatia Prva NL,2024-2025,https://www.oddsportal.com/football/croatia/prva-nl-2024-2025/orijent-sesvete-jyfsmDDl/,Orijent,Sesvete,27 Apr 2025,2:0,0:0,1.90,3.43,3.95,2.37,3.00,2.87,1.65,2.19,1.80,1.90,1.93,1.84,2.03,1.63,2.20,1.63,2.40,1.50,2.49,1.48,2.74,1.35,3.17,1.33,,,1.34,3.07,1.39,3.50,1.59,2.28,1.39,2.50,1.75,2.04,1.04,2.07,2.06,1.74,1.65,1.81,2.54,1.49,2.78,1.22,2.92,1.38,2.78,1.40,1.27,3.50,1.29,4.15,1.25,3.60,1.22,4.80,1.15,4.92,1.11,6.53,1.06,8.47,1.05,6.28,,,,,2.11,1.68,2.11,1.69
Croatia Prva NL,2024-2025,https://www.oddsportal.com/football/croatia/prva-nl-2024-2025/dubrava-zagreb-opatija-6RrbEkCm/,Dubrava,Opatija,11 May 2025,1:2,0:1,5.44,3.32,1.71,2.42,3.25,2.65,1.68,2.17,1.90,1.90,1.91,1.87,2.05,2.05,2.18,1.63,2.05,2.05,2.49,1.50,2.05,2.05,3.18,1.33,2.05,2.05,3.72,1.24,1.01,1.22,4.31,1.20,1.02,1.18,5.00,1.17,1.04,1.15,6.80,1.11,1.04,1.08,9.50,1.03,1.01,1.01,,,,,2.57,1.47,1.01,1.44,2.09,1.69,1.01,1.67,1.89,1.90,1.54,1.86,1.63,2.23,1.80,2.21,1.48,2.55,1.54,2.60,2.13,1.61,2.10,1.70
Croatia Prva NL,2024-2025,https://www.oddsportal.com/football/croatia/prva-nl-2024-2025/orijent-rudes-bX7A94Hc/,Orijent,Rudes,28 Sep 2024,1:1,1:0,2.64,3.37,2.54,2.50,3.30,2.65,1.62,2.20,1.68,2.05,1.90,1.87,1.92,1.70,2.15,1.66,2.18,1.58,2.49,1.49,2.61,1.38,3.16,1.34,3.30,1.28,,,,,2.15,1.66,,,2.63,1.46,,,3.30,1.31,,,4.18,1.22,,,5.15,1.16,,,1.68,2.10,,,1.50,2.47,,,1.36,2.98,,,1.22,4.14,,,1.18,4.76,,,1.93,1.82,1.85,1.80
Croatia Prva NL,2024-2025,https://www.oddsportal.com/football/croatia/prva-nl-2024-2025/sesvete-opatija-Cx3j49uI/,Sesvete,Opatija,27 Sep 2024,1:1,1:0,2.18,3.22,3.33,,3.35,3.95,1.75,2.04,,,2.01,1.78,1.85,1.85,2.27,1.59,2.09,1.63,2.66,1.44,2.42,1.50,3.39,1.31,3.00,3.00,1.56,2.37,,,1.84,1.93,,,2.13,1.69,,,2.50,1.49,,,3.29,1.32,,,3.67,1.28,,,1.41,2.80,,,1.32,3.27,,,1.21,4.21,,,1.11,6.88,,,1.09,7.56,,,2.02,1.74,1.94,1.82
Croatia Prva NL,2024-2025,https://www.oddsportal.com/football/croatia/prva-nl-2024-2025/opatija-vukovar-1991-jLihLGYa/,Opatija,Vukovar 1991,"0
Vukovar 1991",0:0,0:0,3.67,2.62,2.41,2.65,3.35,2.34,2.02,1.80,1.61,2.02,2.33,1.57,1.89,1.73,2.62,1.44,2.18,1.58,3.23,1.33,2.50,1.41,4.53,1.20,3.14,1.25,2.31,1.59,,,2.89,1.38,,,3.41,1.29,,,4.10,1.20,,,6.68,1.11,,,6.07,1.10,,,1.78,2.02,,,1.54,2.40,,,1.39,2.88,,,1.23,4.02,,,1.20,4.48,,,2.21,1.62,1.91,1.85
Croatia Prva NL,2024-2025,https://www.oddsportal.com/football/croatia/prva-nl-2024-2025/dugopolje-opatija-bu4ATRGb/,Dugopolje,Opatija,12 Apr 2025,1:4,0:1,2.72,2.85,2.85,,2.95,2.01,2.02,1.77,1.94,1.70,2.34,1.55,2.26,1.51,2.64,1.43,2.52,1.42,3.33,1.31,3.14,1.27,4.93,1.18,4.40,1.14,1.85,1.94,2.09,1.48,2.24,1.60,2.47,1.34,2.68,1.42,2.85,1.27,3.39,1.29,2.85,1.13,5.15,1.16,,,5.86,1.13,,,1.58,2.29,1.72,1.61,1.40,2.78,1.53,1.04,1.28,3.46,1.37,2.11,1.17,5.01,1.21,3.17,1.13,5.91,1.15,3.25,2.22,1.62,2.21,1.63
Croatia Prva NL,2024-2025,https://www.oddsportal.com/football/croatia/prva-nl-2024-2025/dubrava-zagreb-zrinski-osjecko-j1LTGlXh/,Dubrava,Zrinski Osjecko,05 Apr 2025,5:0,3:0,1.93,3.44,3.85,1.65,3.55,4.85,1.79,1.98,1.85,1.95,2.05,1.72,2.00,1.65,2.35,1.54,2.31,1.51,2.82,1.41,2.70,1.36,3.61,1.26,3.50,1.22,1.39,2.88,1.23,3.41,1.63,2.18,1.05,2.42,1.89,1.89,1.10,2.01,2.17,1.66,1.10,1.72,2.73,1.43,2.09,1.18,3.11,1.35,2.09,1.33,1.26,3.69,1.19,4.10,1.26,3.70,1.16,4.80,1.12,5.68,1.08,6.65,1.03,8.90,1.04,11.68,,,,,2.21,1.62,2.25,1.61
Croatia Prva NL,2024-2025,https://www.oddsportal.com/football/croatia/prva-nl-2024-2025/opatija-rudes-0vyh1nOp/,Opatija,Rudes,30 Aug 2024,1:0,0:0,2.75,3.25,2.51,,3.35,2.45,1.65,2.19,1.58,2.20,1.92,1.86,1.81,1.90,2.17,1.64,2.05,1.67,2.49,1.49,2.36,1.52,3.17,1.33,3.00,1.35,2.00,1.81,1.01,1.81,2.26,1.59,1.02,1.59,2.71,1.44,1.04,1.46,3.30,1.29,1.04,1.24,4.81,1.18,3.75,1.01,5.39,1.15,3.51,1.01,1.68,2.12,1.01,2.19,1.52,2.46,1.01,2.57,1.35,2.96,1.01,2.62,1.22,4.18,1.02,2.67,1.19,4.66,1.01,2.70,1.93,1.82,1.85,1.91
Croatia Prva NL,2024-2025,https://www.oddsportal.com/football/croatia/prva-nl-2024-2025/zrinski-osjecko-dugopolje-dSXheEdm/,Zrinski Osjecko,Dugopolje,18 Sep 2024,0:2,0:0,2.18,3.12,3.43,,3.10,3.53,1.76,2.02,1.65,2.10,2.03,1.77,1.93,1.78,2.31,1.56,2.20,1.60,2.69,1.43,2.55,1.45,3.42,1.31,,,1.53,2.47,,,1.81,1.97,,,2.10,1.72,,,2.49,1.49,,,3.23,1.33,,,3.47,1.29,,,1.37,2.94,,,1.28,3.47,,,1.18,4.30,,,1.10,7.08,,,,,,,2.02,1.74,1.96,1.80
Croatia Prva NL,2024-2025,https://www.oddsportal.com/football/croatia/prva-nl-2024-2025/dugopolje-dubrava-zagreb-h6LTKcYQ/,Dugopolje,Dubrava,29 Mar 2025,2:1,1:1,2.05,3.15,3.78,,3.15,4.15,1.75,2.04,1.76,1.95,2.02,1.74,1.99,1.66,2.33,1.56,2.30,1.52,2.74,1.43,2.74,1.35,3.61,1.27,3.60,1.25,,,,,1.67,2.18,1.05,2.64,1.84,1.94,1.04,2.14,2.21,1.64,1.09,1.85,2.82,1.41,2.75,1.23,3.21,1.33,3.01,1.42,1.26,3.69,1.01,4.64,1.26,3.56,1.01,5.40,1.15,5.07,1.11,7.57,1.05,8.53,1.06,14.03,1.10,7.00,1.06,15.04,2.11,1.68,2.15,1.62
Croatia Prva NL,2024-2025,https://www.oddsportal.com/football/croatia/prva-nl-2024-2025/opatija-dubrava-zagreb-M5qNNFg5/,Opatija,Dubrava,25 Oct 2024,0:0,0:0,1.96,3.36,3.82,2.30,3.14,2.89,1.77,2.02,1.48,2.27,2.05,1.75,1.76,1.93,2.31,1.56,2.00,1.71,2.77,1.42,2.23,1.50,3.53,1.27,2.80,1.32,1.46,2.68,1.01,3.30,1.72,2.10,1.02,2.39,1.94,1.81,1.04,2.00,2.26,1.64,1.04,1.62,2.88,1.39,2.38,1.07,3.23,1.33,2.38,1.18,1.35,3.05,1.01,3.81,1.29,3.45,1.01,4.40,1.14,5.03,1.01,4.50,1.07,7.39,1.09,4.61,,,,,2.11,1.68,1.81,1.95
Croatia Prva NL,2024-2025,https://www.oddsportal.com/football/croatia/prva-nl-2024-2025/orijent-dugopolje-2LrI2bCr/,Orijent,Dugopolje,23 Mar 2025,1:1,1:1,2.01,3.09,3.86,1.77,3.30,4.46,1.82,1.92,1.62,2.06,2.12,1.64,1.88,1.75,2.38,1.50,2.18,1.58,2.91,1.36,2.52,1.41,3.87,1.22,3.20,1.26,1.43,2.70,1.29,2.89,1.70,2.07,1.04,2.18,1.87,1.83,1.04,1.84,2.29,1.57,,,2.95,1.35,1.99,1.09,3.40,1.28,1.78,1.23,1.31,3.23,1.23,3.41,1.25,3.66,1.19,3.95,1.16,4.90,1.09,4.34,1.04,8.61,1.01,4.62,,,,,2.18,1.61,2.10,1.70
Croatia Prva NL,2024-2025,https://www.oddsportal.com/football/croatia/prva-nl-2024-2025/jarun-orijent-hplvlRP0/,Jarun,Orijent,08 Mar 2025,1:2,0:2,2.18,3.21,3.36,,3.05,3.25,1.84,1.93,1.69,1.95,2.14,1.65,1.98,1.67,2.42,1.50,2.31,1.51,2.92,1.38,,,3.89,1.26,3.58,1.21,1.59,2.32,1.55,2.47,1.90,1.85,1.04,1.98,2.22,1.59,1.04,1.73,2.58,1.46,1.09,1.50,3.39,1.30,2.65,1.08,3.76,1.27,2.68,1.20,1.43,2.70,1.40,2.93,1.33,3.05,1.32,3.40,1.24,3.79,1.16,4.06,1.09,7.57,1.08,5.25,1.11,6.13,1.07,5.64,2.21,1.62,1.97,1.79
Croatia Prva NL,2024-2025,https://www.oddsportal.com/football/croatia/prva-nl-2024-2025/croatia-zmijavci-dugopolje-I9OsSOop/,Croatia Zmijavci,Dugopolje,16 Feb 2025,1:0,0:0,2.08,3.12,3.74,2.02,3.05,,1.75,2.01,1.70,2.02,2.00,1.76,1.91,1.72,2.25,1.57,2.20,1.57,2.65,1.43,2.59,1.39,3.36,1.30,3.45,1.25,1.49,2.55,,,1.75,2.00,,,1.95,1.67,,,2.35,1.54,,,2.98,1.38,,,3.40,1.30,,,1.36,2.97,,,1.26,3.70,,,1.16,4.67,,,1.08,8.10,,,,,,,2.02,1.74,2.00,1.77
Croatia Prva NL,2024-2025,https://www.oddsportal.com/football/croatia/prva-nl-2024-2025/jarun-cibalia-OCdL1VyA/,Jarun,Cibalia,08 Nov 2024,1:2,0:0,1.79,3.63,4.25,,,,1.48,2.52,1.54,2.30,1.71,2.06,1.80,1.91,1.95,1.81,2.03,1.70,2.21,1.62,2.33,1.53,2.70,1.43,2.85,1.37,1.34,3.12,1.01,3.28,1.57,2.33,1.02,2.42,1.80,1.97,1.04,2.03,2.03,1.76,1.04,1.77,2.42,1.54,2.29,1.22,2.77,1.41,2.29,1.39,1.27,3.38,1.01,3.89,1.23,4.00,1.01,4.50,1.14,5.17,1.01,6.05,1.06,7.30,1.09,9.94,,,,,1.87,1.87,1.84,1.92
Croatia Prva NL,2024-2025,https://www.oddsportal.com/football/croatia/prva-nl-2024-2025/sesvete-cibalia-CfdM0zZP/,Sesvete,Cibalia,18 Sep 2024,2:1,1:1,1.78,3.66,4.28,,3.40,3.41,1.48,2.52,1.57,2.26,1.71,2.05,1.81,1.90,1.97,1.80,2.06,1.68,2.18,1.63,2.37,1.52,2.68,1.43,2.90,1.35,1.31,3.31,1.01,3.50,1.53,2.40,1.01,2.56,1.74,2.03,1.01,2.13,1.98,1.83,,,2.34,1.58,2.31,1.24,2.63,1.45,2.31,1.42,1.26,3.62,1.01,4.10,1.22,4.15,1.01,4.60,1.13,5.64,1.01,6.58,1.05,8.95,1.01,12.02,,,,,1.93,1.82,1.88,1.88
Croatia Prva NL,2024-2025,https://www.oddsportal.com/football/croatia/prva-nl-2024-2025/orijent-vukovar-1991-MyQm4wGb/,Orijent,Vukovar 1991,"1
Vukovar 1991",0:1,0:0,4.58,3.06,1.87,2.80,2.75,2.65,1.86,1.88,1.80,1.82,2.17,1.62,2.08,1.60,2.45,1.48,2.40,1.46,2.96,1.34,2.83,1.33,4.01,1.21,1.33,1.33,,,,,3.47,1.28,1.50,1.26,3.51,1.28,1.51,1.21,5.82,1.11,1.51,1.13,8.50,1.04,8.11,1.04,,,,,2.16,1.65,1.63,1.59,1.82,1.92,1.47,1.85,1.64,2.19,1.23,2.13,1.41,2.80,1.22,2.68,1.33,3.09,1.15,3.17,2.25,1.57,2.02,1.75
Croatia Prva NL,2024-2025,https://www.oddsportal.com/football/croatia/prva-nl-2024-2025/jarun-sesvete-hQi6Rcft/,Jarun,Sesvete,19 Oct 2024,1:2,1:2,2.18,3.33,3.22,2.35,3.30,2.79,1.61,2.24,1.53,2.16,1.89,1.91,1.79,1.82,2.13,1.67,2.05,1.67,2.45,1.51,2.34,1.47,3.09,1.36,2.88,1.30,1.62,2.26,1.42,2.15,1.89,1.89,1.64,1.77,2.22,1.63,1.87,1.58,2.56,1.47,1.87,1.41,3.35,1.31,2.26,1.11,3.53,1.28,2.26,1.20,1.45,2.64,1.36,2.64,1.36,2.98,1.29,3.06,1.25,3.77,1.14,3.94,1.11,6.49,1.09,5.67,1.10,7.14,,,1.87,1.87,1.91,1.85
Croatia Prva NL,2024-2025,https://www.oddsportal.com/football/croatia/prva-nl-2024-2025/opatija-cibalia-UZQFTpQQ/,Opatija,Cibalia,18 Oct 2024,1:1,0:0,2.18,3.33,3.22,,3.30,3.35,1.55,2.36,1.44,2.36,1.81,2.01,1.68,1.95,2.05,1.72,,,2.33,1.56,2.16,1.55,2.93,1.39,2.61,1.36,,,,,1.82,1.95,1.66,2.03,2.08,1.72,1.89,1.76,2.42,1.52,1.89,1.56,3.04,1.36,1.89,1.16,3.42,1.30,1.89,1.27,1.41,2.79,1.35,3.10,1.32,3.25,1.29,3.60,1.21,4.14,1.14,4.81,1.14,5.97,1.09,7.96,1.10,7.00,1.08,8.79,1.80,1.95,1.80,1.96
Croatia Prva NL,2024-2025,https://www.oddsportal.com/football/croatia/prva-nl-2024-2025/croatia-zmijavci-rudes-dIxdE8LF/,Croatia Zmijavci,Rudes,17 Nov 2024,0:0,0:0,2.66,3.14,2.66,,3.05,3.50,1.75,2.06,1.79,1.79,2.01,1.80,2.08,1.57,2.25,1.59,2.40,1.46,2.64,1.45,,,3.44,1.30,3.76,1.17,,,,,2.07,1.71,1.40,1.64,2.33,1.58,1.81,1.50,2.80,1.40,1.81,1.34,4.12,1.23,3.04,1.09,4.37,1.21,3.04,1.15,1.56,2.36,1.01,2.35,1.39,2.86,1.01,2.78,1.28,3.50,1.01,3.43,1.18,4.96,1.10,4.84,1.15,5.51,1.09,5.39,2.02,1.74,2.10,1.70
Croatia Prva NL,2024-2025,https://www.oddsportal.com/football/croatia/prva-nl-2024-2025/rudes-zrinski-osjecko-pbFG1CSs/,Rudes,Zrinski Osjecko,03 May 2025,,,1.36,4.40,7.37,,3.55,4.65,1.36,2.90,,,1.56,2.28,1.67,2.06,1.79,1.95,1.90,1.80,1.98,1.77,2.16,1.61,2.32,1.55,,,,,,,1.29,3.47,1.25,2.55,1.41,2.72,1.25,1.01,1.51,2.42,1.04,1.93,1.69,2.12,2.07,1.41,1.93,1.82,1.82,1.71,1.14,5.75,1.28,3.71,1.12,6.25,1.25,3.55,,,,,,,,,,,,,1.94,1.82,1.91,1.85
Croatia Prva NL,2024-2025,https://www.oddsportal.com/football/croatia/prva-nl-2024-2025/vukovar-1991-jarun-EgT4ZRA7/,Vukovar 1991,Jarun,01 Mar 2025,0:0,0:0,1.28,4.94,12.10,,,18.00,1.73,2.07,1.59,2.10,2.00,1.79,1.85,1.77,2.24,1.59,2.13,1.61,2.63,1.46,2.46,1.43,3.39,1.30,3.14,1.27,,,,,1.20,4.38,1.05,5.26,1.33,3.12,1.10,3.65,1.42,2.73,1.10,3.14,1.52,2.44,1.84,1.57,1.77,2.00,1.55,2.06,,,,,,,,,,,,,,,,,,,,,3.48,1.28,4.00,1.23
Croatia Prva NL,2024-2025,https://www.oddsportal.com/football/croatia/prva-nl-2024-2025/zrinski-osjecko-sesvete-ChZWFLdK/,Zrinski Osjecko,Sesvete,16 Nov 2024,0:0,0:0,3.00,3.34,2.30,,3.46,1.72,1.72,2.11,1.47,2.29,1.99,1.82,1.72,1.90,2.23,1.61,2.00,1.72,2.60,1.46,2.24,1.51,3.36,1.31,2.73,1.33,,,,,2.47,1.50,1.08,1.42,2.79,1.40,1.16,1.34,3.62,1.27,1.16,1.22,6.06,1.13,6.17,1.08,6.60,1.13,5.98,1.08,1.80,1.98,1.01,1.89,1.60,2.29,1.01,2.22,1.44,2.70,1.01,2.64,1.27,3.58,1.27,3.52,1.25,3.85,1.18,4.06,1.93,1.82,1.88,1.88
Croatia Prva NL,2024-2025,https://www.oddsportal.com/football/croatia/prva-nl-2024-2025/dubrava-zagreb-jarun-S4aTe05l/,Dubrava,Jarun,15 Nov 2024,1:0,0:0,2.26,3.36,3.05,,,4.04,1.77,2.03,1.72,1.87,2.04,1.73,2.01,1.64,2.34,1.55,2.31,1.51,2.80,1.42,2.68,1.36,3.64,1.27,3.35,1.22,,,,,1.94,1.83,1.34,1.93,2.25,1.62,1.69,1.68,2.67,1.44,1.69,1.47,3.57,1.28,2.47,1.11,4.08,1.23,2.47,1.21,1.47,2.58,1.01,2.96,1.35,3.07,1.01,3.50,1.25,3.79,1.01,4.66,1.12,6.32,1.07,7.87,1.12,6.40,1.06,8.76,2.11,1.68,2.20,1.64
Croatia Prva NL,2024-2025,https://www.oddsportal.com/football/croatia/prva-nl-2024-2025/sesvete-dugopolje-ClViBp1U/,Sesvete,Dugopolje,04 Apr 2025,1:0,1:0,2.23,3.04,3.44,,2.90,3.87,1.78,2.00,1.95,1.85,2.04,1.73,2.15,1.56,2.32,1.56,2.40,1.46,2.71,1.42,2.97,1.30,3.61,1.27,4.00,1.17,,,,,1.85,1.92,1.06,1.98,2.16,1.65,1.10,1.72,2.52,1.48,1.10,1.52,3.30,1.31,1.10,1.14,3.76,1.27,1.10,1.25,1.39,2.82,1.02,3.09,1.30,3.33,1.01,3.65,1.22,3.92,1.01,4.78,1.10,7.21,1.05,7.53,1.11,5.87,1.05,8.26,2.02,1.74,2.14,1.67
Croatia Prva NL,2024-2025,https://www.oddsportal.com/football/croatia/prva-nl-2024-2025/croatia-zmijavci-zrinski-osjecko-relpNx4m/,Croatia Zmijavci,Zrinski Osjecko,24 Nov 2024,2:2,0:1,1.74,3.37,5.10,,3.50,5.05,1.74,2.08,1.44,2.36,2.00,1.81,1.68,1.95,2.22,1.61,1.95,1.76,2.60,1.46,2.18,1.54,3.36,1.31,2.65,1.35,,,,,1.49,2.52,1.09,2.80,1.71,2.08,1.18,2.21,1.91,1.86,1.18,1.91,2.34,1.58,2.47,1.25,2.63,1.45,2.20,1.45,1.20,4.24,1.01,5.30,1.17,5.00,1.01,6.10,1.11,6.80,1.01,8.67,1.02,10.50,1.04,14.07,,,,,2.21,1.62,2.00,1.77
Croatia Prva NL,2024-2025,https://www.oddsportal.com/football/croatia/prva-nl-2024-2025/rudes-orijent-I56e5XjU/,Rudes,Orijent,17 May 2025,0:0,0:0,2.69,3.68,2.35,,,2.70,1.45,2.59,1.67,2.07,1.68,2.10,1.93,1.77,1.91,1.82,2.20,1.59,2.16,1.64,2.59,1.43,2.58,1.45,3.30,1.28,,,,,2.29,1.58,1.78,1.55,2.52,1.45,1.09,1.44,3.21,1.31,1.90,1.30,4.36,1.21,3.32,1.07,4.91,1.18,3.29,1.12,1.71,2.06,2.68,1.62,1.53,2.30,2.68,1.62,1.38,2.85,2.68,1.62,1.25,3.75,2.68,1.62,1.21,4.37,2.68,1.62,1.82,1.93,1.95,1.81
Croatia Prva NL,2024-2025,https://www.oddsportal.com/football/croatia/prva-nl-2024-2025/zrinski-osjecko-sesvete-KfhJR5oB/,Zrinski Osjecko,Sesvete,12 Apr 2025,0:1,0:1,3.46,3.81,1.93,,4.40,1.33,1.75,2.03,1.33,2.83,1.99,1.79,1.53,2.21,2.23,1.60,1.76,1.95,2.63,1.44,1.94,1.70,3.40,1.30,2.28,1.50,,,,,3.11,1.34,,,3.45,1.30,,,4.00,1.22,,,8.95,1.05,,,,,,,2.12,1.69,,,1.84,1.94,,,1.63,2.18,,,1.43,2.71,,,1.34,3.12,,,2.11,1.68,2.21,1.63
Croatia Prva NL,2024-2025,https://www.oddsportal.com/football/croatia/prva-nl-2024-2025/vukovar-1991-croatia-zmijavci-d0Dqlack/,Vukovar 1991,Croatia Zmijavci,22 Mar 2025,2:0,1:0,1.37,4.52,7.82,,,13.90,1.59,2.22,1.57,2.26,1.87,1.88,1.81,1.90,2.07,1.67,2.06,1.68,2.42,1.50,2.37,1.52,2.99,1.34,2.90,1.36,,,,,1.20,4.11,1.05,4.64,1.35,3.00,1.04,3.38,1.43,2.64,1.09,2.88,1.57,2.29,1.84,1.52,1.82,1.91,1.56,1.93,1.11,6.80,1.01,9.87,,,,,,,,,,,,,,,,,2.74,1.40,2.85,1.40
Croatia Prva NL,2024-2025,https://www.oddsportal.com/football/croatia/prva-nl-2024-2025/vukovar-1991-dubrava-zagreb-xIRI6HJ6/,Vukovar 1991,Dubrava,25 Nov 2024,1:0,0:0,1.58,3.82,5.68,,3.30,4.06,1.62,2.21,,,1.90,1.90,1.89,1.73,2.13,1.67,2.18,1.58,2.45,1.51,2.50,1.41,3.21,1.33,3.22,1.24,1.20,4.29,,,1.33,3.17,1.07,3.48,1.51,2.44,1.14,2.66,1.71,2.12,1.14,2.30,1.92,1.84,2.60,1.35,2.23,1.62,2.31,1.65,1.13,5.54,1.01,6.74,1.15,5.50,1.01,7.60,,,,,,,,,,,,,2.28,1.59,2.10,1.70
Croatia Prva NL,2024-2025,https://www.oddsportal.com/football/croatia/prva-nl-2024-2025/zrinski-osjecko-croatia-zmijavci-nXpDZczR/,Zrinski Osjecko,Croatia Zmijavci,14 Sep 2024,0:1,0:0,1.93,3.64,3.64,,3.60,3.31,1.63,2.19,1.53,2.33,1.91,1.88,1.77,1.94,2.18,1.65,2.00,1.72,2.47,1.50,2.29,1.55,3.12,1.35,2.85,1.37,,,,,1.69,2.16,1.04,2.18,1.89,1.86,1.04,1.86,2.19,1.64,1.09,1.62,2.71,1.43,2.42,1.11,3.08,1.36,2.42,1.28,1.32,3.23,1.31,3.36,1.28,3.55,1.25,3.85,1.16,4.83,1.12,4.04,1.05,8.57,1.07,4.25,,,,,2.02,1.74,1.85,1.91
Croatia Prva NL,2024-2025,https://www.oddsportal.com/football/croatia/prva-nl-2024-2025/zrinski-osjecko-dugopolje-IopdN5CF/,Zrinski Osjecko,Dugopolje,24 May 2025,,,4.22,3.42,1.76,,3.80,1.82,1.58,2.22,1.50,2.45,1.82,1.88,1.73,1.90,2.07,1.69,2.00,1.72,2.40,1.51,2.26,1.51,3.00,1.34,2.70,1.40,,,,,3.14,1.31,,,,,,,,,,,,,,,,,,,2.42,1.51,,,2.27,1.51,,,1.85,1.91,,,1.63,2.30,,,1.49,2.61,,,1.87,1.89,1.85,1.91
Croatia Prva NL,2024-2025,https://www.oddsportal.com/football/croatia/prva-nl-2024-2025/jarun-bijelo-brdo-bLB9pX1B/,Jarun,Bijelo Brdo,15 Feb 2025,0:1,0:0,2.56,3.03,2.87,,3.30,3.85,2.19,1.66,1.80,2.00,2.54,1.48,2.00,1.65,2.86,1.38,2.31,1.51,3.41,1.30,2.74,1.35,4.81,1.18,3.58,1.21,1.75,2.05,,,2.10,1.69,,,2.42,1.50,,,3.06,1.34,,,4.46,1.19,,,4.88,1.18,,,1.49,2.50,,,1.34,3.04,,,1.23,3.96,,,1.15,5.47,,,1.13,6.07,,,2.28,1.59,2.16,1.66
Croatia Prva NL,2024-2025,https://www.oddsportal.com/football/croatia/prva-nl-2024-2025/bijelo-brdo-zrinski-osjecko-SpyeKtmD/,Bijelo Brdo,Zrinski Osjecko,19 Oct 2024,1:0,0:0,2.14,3.13,3.54,,3.30,4.46,1.76,2.05,1.55,2.12,2.02,1.79,1.81,1.81,2.26,1.59,2.09,1.63,2.65,1.45,2.36,1.46,3.47,1.29,2.94,1.29,,,,,1.77,2.02,1.53,2.27,1.94,1.80,1.74,1.92,2.38,1.55,1.74,1.68,3.01,1.37,1.83,1.19,3.45,1.30,1.83,1.35,1.36,3.02,1.28,3.69,1.32,3.23,1.23,4.30,1.15,4.73,1.11,5.90,1.09,7.48,1.08,9.82,,,,,2.02,1.74,2.00,1.77
Croatia Prva NL,2024-2025,https://www.oddsportal.com/football/croatia/prva-nl-2024-2025/jarun-vukovar-1991-vRZuBHh2/,Jarun,Vukovar 1991,"1
Vukovar 1991",1:1,0:0,3.27,3.04,2.16,,,2.04,1.75,1.94,1.39,2.75,1.99,1.73,1.60,2.20,2.33,1.54,1.80,1.90,2.74,1.36,2.00,1.71,3.39,1.24,2.35,1.52,,,,,2.75,1.41,1.08,1.41,3.26,1.32,1.09,1.33,4.12,1.19,1.09,1.21,6.25,1.06,8.44,1.07,,,,,1.86,1.87,1.08,1.87,1.72,2.05,1.08,2.18,1.44,2.59,1.04,2.61,1.26,3.46,1.33,3.45,1.21,3.71,1.25,3.92,2.00,1.77,1.60,2.27
Croatia Prva NL,2024-2025,https://www.oddsportal.com/football/croatia/prva-nl-2024-2025/dubrava-zagreb-opatija-vXAXD4jg/,Dubrava,Opatija,16 Aug 2024,2:1,2:1,1.68,3.67,4.98,,3.25,,1.68,2.15,1.57,2.25,1.93,1.85,1.82,1.90,2.22,1.61,2.10,1.70,2.50,1.49,2.38,1.51,3.22,1.33,3.00,1.35,,,,,1.49,2.54,1.02,2.00,1.76,2.05,1.04,1.75,1.83,1.97,1.04,1.37,2.13,1.70,,,2.45,1.51,,,1.22,4.06,1.01,3.00,1.22,4.16,1.01,3.50,1.17,5.20,1.01,3.50,1.03,9.40,,,,,,,2.21,1.62,1.91,1.85
Croatia Prva NL,2024-2025,https://www.oddsportal.com/football/croatia/prva-nl-2024-2025/bijelo-brdo-vukovar-1991-fFkrWh4F/,Bijelo Brdo,Vukovar 1991,"1
Vukovar 1991",1:1,0:1,4.16,3.23,1.93,,3.20,1.93,2.09,1.72,1.85,1.95,2.39,1.53,2.02,1.64,2.70,1.42,2.38,1.53,3.25,1.31,2.70,1.36,4.39,1.15,3.70,1.24,,,,,3.84,1.23,1.05,1.25,4.10,1.23,1.04,1.20,6.10,1.11,1.04,1.10,11.50,1.02,1.01,1.03,,,,,2.23,1.61,1.01,1.65,1.85,1.88,1.01,1.96,1.65,2.17,,,1.40,2.82,1.31,2.86,1.32,3.27,1.20,3.31,2.50,1.50,2.25,1.61
Croatia Prva NL,2024-2025,https://www.oddsportal.com/football/croatia/prva-nl-2024-2025/orijent-jarun-tjGzXbFL/,Orijent,Jarun,12 Oct 2024,1:1,1:0,2.06,3.48,3.38,,,3.31,1.69,2.15,,,1.95,1.85,2.05,1.68,2.20,1.62,2.35,1.52,2.53,1.47,2.66,1.35,3.25,1.33,3.44,1.21,,,,,1.75,2.03,1.71,2.18,2.01,1.79,1.95,1.86,2.33,1.57,1.95,1.61,2.99,1.36,2.79,1.17,3.41,1.31,2.66,1.29,1.35,3.03,1.40,3.49,1.33,3.30,1.32,4.10,1.19,4.45,1.16,5.45,1.10,7.21,1.07,4.11,,,,,2.02,1.74,2.00,1.77
Croatia Prva NL,2024-2025,https://www.oddsportal.com/football/croatia/prva-nl-2024-2025/bijelo-brdo-dubrava-zagreb-rFCMa96M/,Bijelo Brdo,Dubrava,09 Nov 2024,1:1,1:0,2.34,3.12,3.12,,3.20,2.02,1.85,1.94,1.78,2.03,2.15,1.65,1.95,1.68,2.41,1.52,2.35,1.57,2.93,1.38,2.68,1.36,3.75,1.28,3.44,1.21,,,,,1.98,1.79,1.45,1.83,2.29,1.60,1.77,1.62,2.73,1.42,1.77,1.44,3.64,1.27,3.94,1.12,4.12,1.23,3.86,1.21,1.46,2.61,1.08,2.76,1.35,3.06,1.08,3.25,1.24,3.84,1.04,4.32,1.12,6.32,1.17,6.90,1.12,6.40,1.14,7.31,2.11,1.68,2.10,1.70
Croatia Prva NL,2024-2025,https://www.oddsportal.com/football/croatia/prva-nl-2024-2025/cibalia-bijelo-brdo-joJvkhh4/,Cibalia,Bijelo Brdo,02 Nov 2024,1:0,0:0,1.86,3.52,4.03,,,4.14,1.67,2.17,,,1.94,1.85,1.83,1.87,2.20,1.62,2.05,1.67,2.51,1.48,2.40,1.51,3.24,1.33,3.00,1.34,,,,,1.59,2.28,1.04,2.24,1.83,1.91,1.04,1.89,2.09,1.73,1.09,1.64,2.63,1.47,2.25,1.18,2.96,1.39,2.21,1.31,1.27,3.59,1.26,3.74,1.24,3.90,1.21,4.36,1.12,5.77,1.10,5.92,1.03,8.90,1.03,9.88,,,,,2.02,1.74,1.91,1.85
Croatia Prva NL,2024-2025,https://www.oddsportal.com/football/croatia/prva-nl-2024-2025/dubrava-zagreb-sesvete-bZxHkAQO/,Dubrava,Sesvete,21 Sep 2024,0:0,0:0,2.03,3.43,3.53,,,2.81,1.59,2.27,1.36,2.85,1.84,1.94,1.56,2.25,2.10,1.69,1.76,1.95,2.37,1.54,1.95,1.76,2.93,1.39,2.27,1.56,,,,,1.79,2.00,1.04,2.07,2.00,1.79,1.04,1.79,2.29,1.59,1.09,1.58,2.87,1.38,2.67,1.16,3.23,1.34,2.68,1.28,1.37,2.97,1.49,3.24,1.30,3.33,1.39,3.75,1.20,4.37,1.19,5.05,1.09,7.67,1.13,7.80,1.13,5.43,1.11,8.28,1.93,1.82,1.67,2.15
Croatia Prva NL,2024-2025,https://www.oddsportal.com/football/croatia/prva-nl-2024-2025/orijent-dugopolje-2qB9Fxqe/,Orijent,Dugopolje,07 Sep 2024,2:0,1:0,1.92,3.21,4.24,,3.28,3.52,1.80,2.01,1.54,2.25,2.03,1.77,1.83,1.89,2.29,1.57,2.07,1.69,2.68,1.44,2.37,1.49,3.43,1.30,2.94,1.33,1.37,2.93,1.43,3.22,1.63,2.22,1.04,2.34,1.87,1.87,1.04,1.96,2.17,1.68,1.09,1.69,2.76,1.42,1.97,1.19,3.10,1.36,1.97,1.33,1.29,3.41,1.32,3.87,1.22,4.15,1.26,4.52,1.14,5.34,1.13,6.46,1.05,8.95,1.04,10.21,,,,,2.11,1.68,1.83,1.93
Croatia Prva NL,2024-2025,https://www.oddsportal.com/football/croatia/prva-nl-2024-2025/vukovar-1991-cibalia-Ayg2HbEr/,Vukovar 1991,Cibalia,09 Sep 2024,2:0,0:0,1.60,3.47,6.37,1.75,3.25,4.44,1.49,2.51,1.49,2.43,1.73,2.04,1.72,2.00,1.97,1.80,2.00,1.80,2.20,1.63,2.20,1.59,2.68,1.43,2.65,1.42,,,,,1.36,3.03,1.04,3.36,1.53,2.41,1.04,2.62,1.73,2.04,1.09,2.21,1.95,1.82,2.20,1.25,2.23,1.62,1.98,1.56,1.15,5.14,1.23,5.99,1.13,6.00,1.19,6.80,,,,,1.01,11.00,1.04,13.42,,,,,2.02,1.74,1.83,1.83
Croatia Prva NL,2024-2025,https://www.oddsportal.com/football/croatia/prva-nl-2024-2025/vukovar-1991-zrinski-osjecko-6HadCCWo/,Vukovar 1991,Zrinski Osjecko,24 Aug 2024,3:0,1:0,1.31,4.50,9.00,1.46,,6.51,1.47,2.44,1.31,3.10,1.71,2.00,3.10,3.10,1.96,1.78,3.10,3.10,2.21,1.58,3.10,3.10,2.68,1.40,3.10,3.10,1.11,5.75,1.01,8.44,1.22,3.71,1.02,4.79,1.31,3.15,1.04,3.43,1.39,2.71,1.04,2.98,1.54,2.37,2.25,1.55,1.78,1.94,2.25,1.55,1.05,7.30,2.25,1.55,1.32,3.06,2.25,1.55,,,,,,,,,,,,,2.35,1.56,1.81,1.95
Croatia Prva NL,2024-2025,https://www.oddsportal.com/football/croatia/prva-nl-2024-2025/dugopolje-rudes-Gn1UbrvJ/,Dugopolje,Rudes,15 Mar 2025,2:3,2:1,3.56,2.75,2.29,,2.80,3.40,2.05,1.71,1.95,1.85,2.38,1.52,2.19,1.54,2.72,1.40,2.40,1.46,3.25,1.29,3.08,1.28,4.20,1.18,3.90,1.21,,,,,2.51,1.52,1.02,1.42,2.94,1.39,1.04,1.33,3.71,1.25,1.04,1.21,5.72,1.13,,,6.13,1.10,3.31,1.08,1.73,2.05,1.01,1.94,1.50,2.44,1.01,2.30,1.38,2.86,1.01,2.78,1.22,3.91,1.03,3.85,1.17,4.60,1.02,4.44,2.25,1.57,2.09,1.71
Croatia Prva NL,2024-2025,https://www.oddsportal.com/football/croatia/prva-nl-2024-2025/cibalia-dubrava-zagreb-6BjRPqGN/,Cibalia,Dubrava,12 Apr 2025,1:2,0:1,2.03,3.23,3.75,2.04,3.15,3.55,1.80,1.99,1.70,2.03,2.08,1.69,1.94,1.70,2.37,1.53,2.26,1.54,2.84,1.40,2.63,1.38,3.67,1.27,3.40,1.27,,,,,1.76,2.03,1.02,1.87,2.05,1.73,1.04,1.63,2.35,1.55,1.04,1.41,3.07,1.34,2.38,1.05,3.38,1.29,2.37,1.14,1.32,3.16,1.36,3.00,1.25,3.63,1.29,3.50,1.15,4.98,1.14,3.56,1.04,9.38,,,,,,,2.11,1.68,1.95,1.81
Croatia Prva NL,2024-2025,https://www.oddsportal.com/football/croatia/prva-nl-2024-2025/opatija-jarun-bROyFS15/,Opatija,Jarun,04 Apr 2025,2:1,0:1,1.66,3.37,5.95,,3.05,,1.96,1.82,2.00,1.80,2.21,1.63,2.21,1.53,2.52,1.48,2.52,1.42,3.08,1.35,3.05,1.29,3.78,1.25,4.20,1.15,,,,,1.43,2.71,1.06,2.57,1.61,2.24,1.10,2.06,1.82,1.94,1.10,1.82,2.21,1.64,3.56,1.20,2.54,1.47,2.51,1.38,1.14,5.42,1.02,4.59,1.14,5.75,1.01,5.34,,,,,,,,,,,,,2.64,1.45,2.30,1.59
Croatia Prva NL,2024-2025,https://www.oddsportal.com/football/croatia/prva-nl-2024-2025/dubrava-zagreb-rudes-dbjf3pLq/,Dubrava,Rudes,24 May 2025,0:0,0:0,2.60,3.53,2.50,,3.45,2.50,1.59,2.23,1.49,2.30,1.88,1.87,1.76,1.94,2.14,1.64,1.99,1.72,2.48,1.48,2.28,1.55,3.09,1.33,2.74,1.35,,,,,2.25,1.58,1.05,1.55,2.55,1.41,1.04,1.42,3.23,1.30,1.09,1.22,4.62,1.20,1.01,1.01,5.17,1.17,2.79,1.01,1.63,2.16,1.02,2.21,1.43,2.48,1.01,2.58,1.32,3.05,1.01,2.64,1.18,4.06,1.22,2.71,1.18,4.79,1.18,2.75,1.93,1.82,1.76,2.01
Croatia Prva NL,2024-2025,https://www.oddsportal.com/football/croatia/prva-nl-2024-2025/vukovar-1991-croatia-zmijavci-KWkWkmel/,Vukovar 1991,Croatia Zmijavci,08 Mar 2025,4:0,2:0,1.42,4.35,7.43,,,6.86,1.75,2.05,1.80,1.90,2.00,1.76,2.10,1.65,2.31,1.55,2.52,1.42,2.73,1.43,2.80,1.39,3.58,1.27,3.50,1.25,,,,,1.23,3.84,,,1.37,2.88,,,1.46,2.58,,,1.65,2.18,,,1.94,1.84,,,1.04,7.73,,,1.07,7.00,,,,,,,,,,,,,,,2.99,1.36,2.55,1.49
Croatia Prva NL,2024-2025,https://www.oddsportal.com/football/croatia/prva-nl-2024-2025/cibalia-zrinski-osjecko-IF1hnwS1/,Cibalia,Zrinski Osjecko,22 Mar 2025,1:0,1:0,1.50,4.05,5.97,,4.20,8.25,1.52,2.37,1.53,2.21,1.76,2.00,1.77,1.85,2.01,1.73,2.05,1.67,2.26,1.57,2.30,1.49,2.84,1.37,,,,,,,1.30,3.28,,,1.47,2.55,,,1.59,2.24,,,1.79,1.95,,,2.07,1.69,,,1.14,5.03,,,1.13,5.90,,,,,,,1.01,10.50,,,,,,,2.18,1.61,2.48,1.51
Croatia Prva NL,2024-2025,https://www.oddsportal.com/football/croatia/prva-nl-2024-2025/zrinski-osjecko-bijelo-brdo-AJuFA7BC/,Zrinski Osjecko,Bijelo Brdo,10 May 2025,,,4.48,3.40,1.72,3.62,3.10,2.00,1.60,2.17,1.72,1.91,1.87,1.83,2.04,1.68,2.14,1.64,2.32,1.53,2.48,1.46,2.70,1.36,3.16,1.29,3.58,1.21,3.31,1.28,,,3.54,1.26,,,,,,,5.90,1.09,,,10.00,1.01,,,,,,,2.47,1.48,,,2.16,1.63,,,1.83,1.89,,,1.56,2.28,,,1.41,2.63,,,1.97,1.79,2.02,1.75
Croatia Prva NL,2024-2025,https://www.oddsportal.com/football/croatia/prva-nl-2024-2025/rudes-croatia-zmijavci-ObaIDGD7/,Rudes,Croatia Zmijavci,07 Sep 2024,2:1,1:0,1.64,3.72,5.24,,3.30,3.80,1.67,2.17,1.64,2.12,1.93,1.86,1.90,1.80,2.17,1.64,2.20,1.65,2.50,1.49,2.50,1.46,3.22,1.33,3.20,1.30,,,,,1.40,2.84,1.04,3.19,1.54,2.38,1.04,2.49,1.74,2.04,1.09,2.12,2.02,1.76,2.36,1.31,2.35,1.57,2.34,1.56,1.15,5.05,1.28,5.80,1.14,5.75,1.23,6.55,,,,,,,,,,,,,2.28,1.59,2.00,1.77
Croatia Prva NL,2024-2025,https://www.oddsportal.com/football/croatia/prva-nl-2024-2025/zrinski-osjecko-orijent-hYNwPkGi/,Zrinski Osjecko,Orijent,01 Sep 2024,2:0,0:0,2.13,3.74,3.01,,,2.57,1.65,2.24,1.49,2.38,1.90,1.90,1.77,1.96,2.17,1.66,2.00,1.74,2.47,1.54,2.26,1.54,3.11,1.37,2.79,1.36,,,,,1.84,1.93,1.04,1.95,,,,,2.42,1.47,1.09,1.51,3.24,1.33,7.05,1.13,3.68,1.28,4.55,1.24,1.38,2.71,1.59,2.96,,,,,1.18,4.05,1.23,4.42,1.11,6.46,1.15,6.68,,,,,1.89,1.78,1.73,2.05
Croatia Prva NL,2024-2025,https://www.oddsportal.com/football/croatia/prva-nl-2024-2025/jarun-opatija-YqLR4elJ/,Jarun,Opatija,24 Nov 2024,0:1,0:0,2.23,3.33,3.12,,3.35,2.50,1.72,2.10,1.68,1.68,2.00,1.82,1.93,1.78,2.25,1.59,2.20,1.60,2.63,1.47,2.55,1.45,3.42,1.30,3.35,1.28,,,,,1.94,1.85,1.03,1.90,2.17,1.66,1.05,1.67,2.57,1.48,1.05,1.47,3.42,1.30,8.11,1.13,3.83,1.26,5.11,1.23,1.47,2.60,1.01,2.92,1.37,2.99,1.01,3.45,1.25,3.76,1.01,4.44,1.11,6.51,1.16,6.82,1.12,5.73,1.14,7.51,,,,
Croatia Prva NL,2024-2025,https://www.oddsportal.com/football/croatia/prva-nl-2024-2025/cibalia-croatia-zmijavci-p408DFQ0/,Cibalia,Croatia Zmijavci,30 Mar 2025,0:0,0:0,2.03,3.11,3.94,,,4.36,1.76,2.02,1.54,2.19,2.03,1.76,1.81,1.81,2.26,1.59,2.08,1.64,2.69,1.43,2.42,1.44,3.37,1.30,,,,,,,1.70,2.10,1.05,1.98,1.96,1.82,1.10,1.70,2.28,1.58,1.10,1.48,2.91,1.37,2.42,1.12,3.30,1.31,2.39,1.22,1.29,3.40,1.01,3.16,1.23,3.75,1.01,3.73,1.13,5.45,1.11,5.01,1.04,8.25,1.08,8.43,,,,,2.02,1.74,1.93,1.83
Croatia Prva NL,2024-2025,https://www.oddsportal.com/football/croatia/prva-nl-2024-2025/bijelo-brdo-rudes-bNCDSbtQ/,Bijelo Brdo,Rudes,23 Nov 2024,1:0,0:0,2.66,3.14,2.66,,3.25,2.55,1.90,1.90,1.56,2.10,2.14,1.67,1.81,1.80,2.43,1.51,2.09,1.63,3.14,1.35,2.40,1.44,4.17,1.19,2.97,1.28,,,,,2.17,1.65,1.02,1.65,2.60,1.46,1.04,1.50,3.28,1.31,1.04,1.34,4.62,1.19,3.44,1.09,5.58,1.14,3.41,1.15,1.62,2.24,971.47,1.77,1.46,2.62,971.47,1.77,1.31,3.32,971.47,1.77,1.18,4.87,971.47,1.77,1.14,5.58,971.47,1.77,2.21,1.62,1.91,1.85
Croatia Prva NL,2024-2025,https://www.oddsportal.com/football/croatia/prva-nl-2024-2025/bijelo-brdo-croatia-zmijavci-M9JAryDs/,Bijelo Brdo,Croatia Zmijavci,18 Sep 2024,2:2,1:0,2.46,3.08,2.95,,3.00,2.50,1.70,2.10,1.55,2.16,1.97,1.81,1.83,1.82,2.23,1.60,2.05,1.67,2.54,1.47,,,3.34,1.31,3.02,1.29,,,,,,,,,2.45,1.51,1.04,1.54,3.03,1.35,1.04,1.36,3.93,1.25,2.75,1.09,4.41,1.21,2.75,1.15,1.54,2.40,1.01,2.50,1.42,2.74,1.01,2.96,1.31,3.31,1.01,3.67,1.16,5.37,1.14,5.17,1.13,5.92,1.12,5.72,1.93,1.82,1.81,1.95
Croatia Prva NL,2024-2025,https://www.oddsportal.com/football/croatia/prva-nl-2024-2025/dugopolje-vukovar-1991-l0HnNTp4/,Dugopolje,Vukovar 1991,"1
Vukovar 1991",0:1,0:1,3.35,3.41,2.10,,3.30,2.70,1.59,2.26,1.57,2.26,1.85,1.94,1.81,1.90,2.12,1.68,2.06,1.68,2.38,1.53,2.37,1.52,3.06,1.36,2.90,1.35,,,,,2.74,1.42,1.04,1.41,3.13,1.34,1.04,1.33,4.18,1.19,1.09,1.22,7.22,1.10,4.22,1.08,6.98,1.10,4.22,1.09,1.95,1.81,1.57,1.89,1.71,2.09,1.44,2.22,1.53,2.39,1.22,2.63,1.36,3.03,,,1.32,3.37,1.14,3.95,1.93,1.82,1.84,1.92
Croatia Prva NL,2024-2025,https://www.oddsportal.com/football/croatia/prva-nl-2024-2025/dubrava-zagreb-jarun-AN3wAtK8/,Dubrava,Jarun,22 Mar 2025,0:1,0:0,2.21,3.09,3.29,,3.05,3.51,1.83,1.93,1.90,1.81,2.12,1.64,2.21,1.53,2.43,1.50,2.40,1.46,2.97,1.34,3.14,1.27,3.80,1.22,3.90,1.21,,,,,1.92,1.83,1.05,1.97,2.19,1.64,1.10,1.70,2.59,1.45,1.88,1.49,3.63,1.25,3.56,1.12,4.31,1.19,3.53,1.22,1.42,2.69,949.63,2.10,1.31,3.25,949.63,2.10,1.22,3.97,949.63,2.10,1.08,7.05,949.63,2.10,1.10,6.20,949.63,2.10,2.09,1.66,2.16,1.66
Croatia Prva NL,2024-2025,https://www.oddsportal.com/football/croatia/prva-nl-2024-2025/zrinski-osjecko-rudes-xM16Rxwq/,Zrinski Osjecko,Rudes,11 Oct 2024,1:1,1:1,4.38,3.24,1.88,,3.58,1.64,1.77,2.04,,,2.02,1.79,1.67,2.05,2.26,1.59,1.89,1.80,2.64,1.45,2.15,1.62,3.40,1.30,2.70,1.41,3.01,1.36,4.05,1.37,3.63,1.26,1.04,1.29,4.25,1.21,1.04,1.24,5.18,1.14,1.09,1.15,9.38,1.04,,,,,,,2.30,1.59,2.77,1.64,1.93,1.82,2.24,1.91,1.72,2.10,1.62,2.20,1.45,2.68,1.31,2.74,1.39,2.92,1.21,3.19,2.11,1.68,1.90,1.86
Croatia Prva NL,2024-2025,https://www.oddsportal.com/football/croatia/prva-nl-2024-2025/croatia-zmijavci-bijelo-brdo-KEG0vqVG/,Croatia Zmijavci,Bijelo Brdo,19 Apr 2025,1:3,0:2,2.11,2.94,3.52,,3.04,2.74,2.05,1.69,1.67,1.98,2.43,1.48,1.99,1.72,2.75,1.39,2.28,1.55,3.26,1.27,2.66,1.37,4.50,1.13,3.50,1.22,,,,,1.82,1.93,1.02,1.84,2.21,1.62,1.04,1.59,2.59,1.45,1.04,1.29,3.56,1.25,3.46,1.05,3.92,1.21,3.39,1.13,1.32,3.14,1.01,3.17,1.22,3.97,1.01,3.82,1.17,4.57,1.21,3.82,1.05,7.67,,,,,,,2.19,1.64,1.93,1.83
Croatia Prva NL,2024-2025,https://www.oddsportal.com/football/croatia/prva-nl-2024-2025/sesvete-croatia-zmijavci-A50td8dJ/,Sesvete,Croatia Zmijavci,09 May 2025,0:1,0:1,2.74,3.05,2.40,,3.15,5.06,1.73,2.01,2.00,1.72,2.01,1.72,2.33,1.54,2.30,1.55,2.52,1.42,2.68,1.39,3.20,1.31,3.37,1.26,4.20,1.18,,,,,2.43,1.51,1.66,1.58,2.87,1.37,1.92,1.45,3.57,1.25,2.23,1.26,4.63,1.17,4.76,1.02,5.04,1.16,3.17,1.05,1.68,2.10,1.32,2.23,1.48,2.49,1.27,2.63,1.34,3.01,1.18,3.27,1.17,4.38,1.07,4.72,1.13,4.93,1.07,5.36,1.92,1.84,2.40,1.54
Croatia Prva NL,2024-2025,https://www.oddsportal.com/football/croatia/prva-nl-2024-2025/vukovar-1991-bijelo-brdo-6wLOo1Pj/,Vukovar 1991,Bijelo Brdo,16 Oct 2024,1:1,0:0,1.52,3.87,6.60,1.44,4.40,6.54,1.54,2.38,1.60,2.20,1.78,2.01,1.85,1.85,2.01,1.76,2.09,1.63,2.27,1.59,2.45,1.49,2.77,1.41,3.10,1.32,,,,,1.33,3.13,1.04,3.45,1.50,2.47,1.04,2.61,1.64,2.19,1.09,2.24,1.87,1.90,1.90,1.35,2.15,1.67,1.52,1.62,1.15,5.17,1.07,7.13,1.13,5.90,1.06,8.14,,,,,,,,,,,,,2.11,1.68,2.32,1.58
Croatia Prva NL,2024-2025,https://www.oddsportal.com/football/croatia/prva-nl-2024-2025/cibalia-orijent-25npSFS0/,Cibalia,Orijent,14 Sep 2024,1:1,0:0,2.34,3.12,3.12,,3.05,3.09,1.57,2.31,1.55,2.23,1.84,1.96,1.80,1.86,2.08,1.70,2.05,1.67,2.35,1.54,2.34,1.50,2.93,1.38,2.93,1.33,,,,,2.00,1.78,1.04,1.76,2.30,1.58,1.04,1.57,2.70,1.43,1.09,1.35,3.64,1.27,2.88,1.04,4.12,1.23,2.88,1.10,1.48,2.55,1.39,2.61,1.37,2.94,1.31,3.10,1.27,3.52,1.15,3.10,1.15,5.49,,,1.13,5.97,1.12,3.10,1.87,1.87,1.83,1.93
Croatia Prva NL,2024-2025,https://www.oddsportal.com/football/croatia/prva-nl-2024-2025/orijent-sesvete-Es34Aj1b/,Orijent,Sesvete,23 Aug 2024,0:1,0:0,1.70,3.99,4.30,,3.45,2.60,1.50,2.48,1.53,2.33,1.72,2.04,1.77,1.94,1.97,1.81,2.00,1.72,2.21,1.62,2.29,1.55,2.74,1.41,2.85,1.37,1.30,3.38,1.01,4.03,1.48,2.55,,,1.72,2.10,1.04,2.28,1.89,1.91,1.04,1.96,2.25,1.63,2.76,1.28,2.56,1.48,2.89,1.48,1.24,3.78,1.01,4.71,1.22,4.15,1.01,5.40,1.15,5.12,1.01,7.28,1.02,11.00,1.12,12.00,,,,,2.02,1.74,1.82,1.94
Croatia Prva NL,2024-2025,https://www.oddsportal.com/football/croatia/prva-nl-2024-2025/bijelo-brdo-opatija-rNxMyTac/,Bijelo Brdo,Opatija,07 Sep 2024,0:2,0:0,2.45,3.09,2.97,2.54,3.13,2.54,2.01,1.80,1.55,2.23,2.28,1.59,1.83,1.89,2.61,1.44,2.07,1.69,3.16,1.34,2.34,1.50,4.43,1.21,2.93,1.33,,,,,2.04,1.75,,,2.34,1.56,,,2.85,1.39,,,4.09,1.22,,,4.68,1.19,,,1.48,2.53,,,1.36,3.04,,,1.20,3.71,,,1.13,6.03,,,1.11,6.67,,,2.21,1.62,1.80,1.96
Croatia Prva NL,2024-2025,https://www.oddsportal.com/football/croatia/prva-nl-2024-2025/sesvete-rudes-8IFHphJ8/,Sesvete,Rudes,28 Feb 2025,1:0,0:0,2.45,2.88,3.19,,2.90,3.76,2.04,1.75,2.00,1.80,2.35,1.54,2.24,1.52,2.66,1.43,2.55,1.41,3.25,1.32,3.08,1.28,4.53,1.20,4.33,1.14,1.65,2.18,1.47,2.15,2.06,1.73,1.21,1.75,2.36,1.51,1.42,1.56,2.87,1.37,1.42,1.37,4.00,1.20,3.69,1.06,4.59,1.20,3.30,1.15,1.46,2.55,1.35,2.64,1.33,3.02,1.27,3.15,1.25,3.73,1.13,3.95,1.12,6.41,1.06,5.51,1.10,7.02,1.06,3.10,2.21,1.62,2.15,1.62
Croatia Prva NL,2024-2025,https://www.oddsportal.com/football/croatia/prva-nl-2024-2025/dubrava-zagreb-bijelo-brdo-Iu93JopT/,Dubrava,Bijelo Brdo,31 Aug 2024,3:0,2:0,1.75,3.94,4.09,1.67,3.52,4.71,1.62,2.21,,,1.88,1.90,1.80,1.92,2.15,1.66,2.04,1.71,2.45,1.50,2.35,1.50,3.08,1.35,2.92,1.33,,,,,1.55,2.35,1.04,2.39,1.76,1.99,1.04,1.98,1.98,1.79,1.09,1.73,2.41,1.55,2.58,1.21,2.73,1.42,2.55,1.36,1.25,3.54,1.19,3.69,1.23,4.00,1.16,4.20,1.13,5.43,1.08,5.91,1.01,9.40,1.05,11.56,,,,,2.11,1.68,1.92,1.84
Croatia Prva NL,2024-2025,https://www.oddsportal.com/football/croatia/prva-nl-2024-2025/rudes-orijent-jsqiUWYR/,Rudes,Orijent,22 Feb 2025,2:0,0:0,2.08,3.21,3.63,,3.10,2.96,1.82,1.98,1.70,2.03,2.10,1.69,1.98,1.74,2.36,1.53,,,2.91,1.38,2.65,1.42,3.77,1.25,3.40,1.27,1.45,2.66,,,1.73,2.05,,,1.99,1.74,,,2.36,1.55,,,3.05,1.35,,,3.50,1.28,,,1.32,3.20,,,1.28,3.42,,,1.15,4.92,,,1.05,7.86,,,1.06,8.30,,,2.21,1.62,2.00,1.77
Croatia Prva NL,2024-2025,https://www.oddsportal.com/football/croatia/prva-nl-2024-2025/vukovar-1991-opatija-lMARvgC6/,Vukovar 1991,Opatija,17 Sep 2024,1:1,0:0,1.39,4.28,8.65,,,4.96,1.57,2.31,1.36,2.90,1.84,1.96,1.56,2.27,2.09,1.70,1.76,1.95,2.36,1.54,1.95,1.76,3.02,1.37,2.26,1.57,1.10,6.57,1.01,8.44,1.24,3.91,1.02,4.65,1.35,3.07,1.04,3.38,1.45,2.65,1.04,2.88,1.67,2.14,2.08,1.49,1.89,1.92,1.87,1.91,1.07,7.41,1.01,9.47,1.11,6.60,1.01,10.50,,,,,,,,,,,,,2.64,1.45,1.78,1.99
Croatia Prva NL,2024-2025,https://www.oddsportal.com/football/croatia/prva-nl-2024-2025/sesvete-zrinski-osjecko-SEfZDP7j/,Sesvete,Zrinski Osjecko,06 Sep 2024,1:0,1:0,1.90,3.22,3.85,,3.30,4.01,1.74,2.03,1.60,2.14,1.99,1.74,1.89,1.83,2.29,1.57,2.15,1.64,2.65,1.41,2.48,1.45,3.43,1.26,,,1.39,2.76,1.01,3.50,1.71,2.03,1.02,2.47,1.91,1.83,1.04,2.04,2.21,1.60,1.04,1.74,2.87,1.38,2.44,1.18,3.25,1.30,2.44,1.34,1.29,3.28,1.01,4.06,1.27,3.54,1.01,4.71,1.15,5.08,1.01,6.50,1.06,7.53,1.10,11.63,,,,,1.95,1.81,1.95,1.81
Croatia Prva NL,2024-2025,https://www.oddsportal.com/football/croatia/prva-nl-2024-2025/opatija-jarun-j5i4yK5E/,Opatija,Jarun,13 Sep 2024,2:1,0:1,2.41,3.45,2.74,2.48,3.25,2.60,1.73,2.07,1.61,2.12,1.98,1.81,1.87,1.79,2.23,1.61,2.13,1.61,2.60,1.46,2.50,1.44,3.38,1.31,3.18,1.29,1.76,2.05,1.01,1.38,2.04,1.74,1.02,1.32,2.35,1.57,1.04,1.28,2.84,1.39,1.04,1.14,3.77,1.25,,,4.27,1.22,,,1.55,2.35,1.01,1.56,1.42,2.72,1.01,1.75,1.29,3.42,1.01,1.75,1.15,5.55,,,1.12,6.22,,,2.02,1.74,1.91,1.85
Croatia Prva NL,2024-2025,https://www.oddsportal.com/football/croatia/prva-nl-2024-2025/dubrava-zagreb-cibalia-0jB54nAs/,Dubrava,Cibalia,08 Mar 2025,1:0,0:0,2.76,3.15,2.57,2.55,3.05,2.65,1.71,2.08,1.56,2.16,2.00,1.79,1.81,1.81,2.25,1.59,2.09,1.63,2.65,1.44,2.38,1.46,3.40,1.29,2.97,1.30,,,,,2.27,1.59,1.04,1.60,2.59,1.43,1.04,1.46,3.27,1.30,1.09,1.30,4.72,1.19,5.00,1.10,5.39,1.16,4.51,1.12,1.64,2.16,1.59,2.29,1.47,2.52,1.45,2.72,1.33,3.11,1.22,3.28,1.22,4.12,1.15,4.35,1.19,4.70,1.13,4.82,1.87,1.87,1.83,1.93
Croatia Prva NL,2024-2025,https://www.oddsportal.com/football/croatia/prva-nl-2024-2025/dugopolje-bijelo-brdo-Sr6lvyvn/,Dugopolje,Bijelo Brdo,26 Oct 2024,1:1,1:0,1.96,3.06,3.82,,3.20,3.98,1.91,1.83,1.70,2.03,2.11,1.62,1.90,1.79,2.44,1.50,2.18,1.60,2.89,1.34,2.48,1.40,3.77,1.22,3.40,1.27,1.42,2.72,1.35,2.86,1.69,2.07,1.55,2.12,1.98,1.78,1.22,1.79,2.30,1.56,1.78,1.57,2.96,1.34,2.08,1.14,3.39,1.26,2.08,1.27,1.31,3.22,1.27,3.53,1.25,3.80,1.22,4.10,1.14,4.95,1.11,5.71,1.03,7.70,1.05,8.21,,,,,2.11,1.69,2.00,1.77
Croatia Prva NL,2024-2025,https://www.oddsportal.com/football/croatia/prva-nl-2024-2025/opatija-rudes-6kcn8KlL/,Opatija,Rudes,26 Mar 2025,1:1,1:0,2.26,2.83,3.50,1.88,3.05,,1.87,1.89,1.81,1.81,2.18,1.61,2.10,1.59,2.42,1.49,2.43,1.45,3.05,1.32,2.88,1.32,3.88,1.22,3.84,1.18,1.51,2.44,1.70,2.53,1.86,1.88,1.97,1.95,2.11,1.62,2.29,1.69,2.58,1.44,2.88,1.47,3.55,1.25,5.61,1.12,4.07,1.19,5.00,1.21,1.34,2.97,1.51,3.10,1.25,3.56,1.40,3.70,1.17,4.42,1.26,5.04,1.07,7.11,1.13,8.47,1.11,6.80,1.11,9.33,2.09,1.66,2.20,1.64
Croatia Prva NL,2024-2025,https://www.oddsportal.com/football/croatia/prva-nl-2024-2025/sesvete-dugopolje-8xz2AaKs/,Sesvete,Dugopolje,22 Nov 2024,3:1,1:1,1.92,3.21,4.24,1.84,,4.14,1.81,1.99,1.65,2.10,2.09,1.70,1.90,1.72,2.40,1.52,2.18,1.58,2.79,1.43,2.54,1.40,3.55,1.28,3.20,3.20,1.38,2.92,1.01,3.35,1.63,2.23,1.03,2.38,1.86,1.90,1.05,1.98,2.17,1.68,1.05,1.70,2.77,1.42,4.70,1.18,3.08,1.36,3.13,1.33,1.29,3.44,1.01,4.02,1.22,4.15,1.01,4.69,1.13,5.45,1.01,6.52,1.04,8.20,1.05,11.58,,,,,2.21,1.62,2.10,1.70
Croatia Prva NL,2024-2025,https://www.oddsportal.com/football/croatia/prva-nl-2024-2025/opatija-croatia-zmijavci-rudDYW7N/,Opatija,Croatia Zmijavci,01 Nov 2024,2:1,1:0,2.32,3.19,3.09,,3.25,3.19,1.83,1.98,1.67,2.07,2.13,1.67,1.94,1.77,2.41,1.52,2.18,1.58,2.84,1.41,2.60,1.44,3.54,1.29,3.30,1.28,1.68,2.15,,,1.98,1.80,,,2.33,1.58,,,2.74,1.43,,,3.74,1.26,,,4.12,1.23,,,1.48,2.54,,,1.37,2.98,,,1.26,3.71,,,1.12,6.32,,,1.12,6.40,,,2.11,1.68,1.91,1.85
Croatia Prva NL,2024-2025,https://www.oddsportal.com/football/croatia/prva-nl-2024-2025/dugopolje-cibalia-QaRJ5MGM/,Dugopolje,Cibalia,28 Sep 2024,1:1,0:1,1.81,3.93,3.82,2.55,,2.55,1.44,2.64,1.62,2.15,1.65,2.15,1.88,1.82,1.88,1.87,2.13,1.61,2.09,1.68,2.48,1.48,2.54,1.47,,,1.40,2.80,1.77,3.21,1.61,2.23,1.04,2.43,1.80,2.00,1.04,2.06,2.04,1.73,1.09,1.80,2.50,1.50,2.38,1.22,2.83,1.40,2.38,1.40,1.31,3.24,1.55,3.75,1.31,3.28,1.42,4.30,1.17,4.75,1.21,5.80,1.07,7.39,1.09,9.89,,,,,1.87,1.87,1.91,1.85
Croatia Prva NL,2024-2025,https://www.oddsportal.com/football/croatia/prva-nl-2024-2025/croatia-zmijavci-dubrava-zagreb-riEd2HpB/,Croatia Zmijavci,Dubrava,16 Mar 2025,3:1,1:1,1.76,3.36,4.65,,3.15,3.85,1.89,1.87,1.95,1.85,2.16,1.63,2.17,1.55,2.47,1.49,2.40,1.46,3.03,1.32,2.97,1.30,3.90,1.22,3.90,1.21,,,,,1.57,2.29,1.38,2.59,1.85,1.86,1.09,2.09,2.10,1.69,1.69,1.81,2.61,1.46,,,3.03,1.35,2.94,1.20,1.28,3.40,2.94,1.20,1.25,3.66,2.94,1.20,1.12,5.54,2.94,1.20,1.02,9.41,2.94,1.20,,,,,2.36,1.52,2.17,1.66
Croatia Prva NL,2024-2025,https://www.oddsportal.com/football/croatia/prva-nl-2024-2025/sesvete-dubrava-zagreb-b7WzWXnI/,Sesvete,Dubrava,14 Feb 2025,3:0,2:0,1.81,3.10,5.16,,,,1.93,1.84,1.90,1.79,2.26,1.59,2.21,1.53,2.54,1.46,2.46,1.44,3.11,1.34,3.08,1.28,4.24,1.23,3.90,1.21,,,,,1.58,2.30,1.05,2.79,1.77,1.94,1.02,2.23,2.05,1.74,1.09,1.89,2.54,1.49,3.46,1.22,2.92,1.39,3.11,1.41,1.24,3.76,1.02,5.00,1.18,4.80,1.01,5.80,1.10,6.27,,,1.03,9.20,1.09,17.66,,,,,2.38,1.54,2.14,1.67
Croatia Prva NL,2024-2025,https://www.oddsportal.com/football/croatia/prva-nl-2024-2025/cibalia-croatia-zmijavci-Im3pMs13/,Cibalia,Croatia Zmijavci,05 Oct 2024,3:3,0:2,1.89,3.66,3.77,,,3.66,1.54,2.37,1.46,2.50,1.80,1.99,1.69,2.05,2.05,1.73,1.90,1.80,2.29,1.57,2.15,1.62,2.89,1.40,2.60,1.44,,,,,1.68,2.16,1.04,2.33,1.84,1.90,1.04,1.94,2.10,1.72,1.09,1.70,2.55,1.49,2.28,1.20,2.93,1.40,2.28,1.35,1.28,3.34,1.29,3.62,1.28,3.47,1.24,4.16,1.15,4.93,1.12,5.82,1.07,7.19,1.07,10.65,1.12,6.25,1.06,11.57,1.93,1.82,1.81,1.95
Croatia Prva NL,2024-2025,https://www.oddsportal.com/football/croatia/prva-nl-2024-2025/cibalia-rudes-Ein6CTt0/,Cibalia,Rudes,09 May 2025,3:1,1:1,2.03,3.64,3.33,,,2.55,1.51,2.42,1.62,2.15,1.79,1.97,1.88,1.82,2.02,1.77,2.13,1.61,2.32,1.55,2.48,1.48,2.85,1.38,3.10,1.31,,,,,1.81,1.97,2.48,2.08,2.12,1.72,2.87,1.78,2.41,1.52,3.52,1.55,3.01,1.36,5.80,1.15,3.31,1.29,5.33,1.26,1.40,2.79,1.76,3.30,1.30,3.24,1.58,3.90,1.25,3.79,1.41,5.11,1.15,6.03,1.25,8.08,1.11,6.60,1.20,8.81,1.97,1.78,1.90,1.86
Croatia Prva NL,2024-2025,https://www.oddsportal.com/football/croatia/prva-nl-2024-2025/bijelo-brdo-sesvete-lCsmn5fD/,Bijelo Brdo,Sesvete,08 Mar 2025,1:2,0:0,2.10,3.14,3.66,,2.95,2.47,1.97,1.81,1.85,1.85,2.21,1.63,2.17,1.55,2.52,1.47,2.40,1.46,3.17,1.32,3.05,1.29,3.90,1.24,3.70,1.23,,,,,1.76,2.01,1.04,2.17,2.02,1.70,1.04,1.86,2.40,1.52,1.09,1.56,3.20,1.32,3.34,1.07,3.50,1.28,3.29,1.19,1.34,3.08,1.66,3.32,1.23,3.65,1.50,3.85,1.18,4.59,1.25,4.13,1.06,8.66,1.20,4.33,1.11,6.80,1.16,4.40,2.28,1.59,2.09,1.71
Croatia Prva NL,2024-2025,https://www.oddsportal.com/football/croatia/prva-nl-2024-2025/vukovar-1991-opatija-EDw5LqsS/,Vukovar 1991,Opatija,01 Jun 2025,1:0,1:0,1.94,3.31,3.98,,,4.09,1.71,2.07,1.85,1.95,2.00,1.77,2.06,1.62,2.23,1.58,2.38,1.53,2.61,1.44,2.78,1.34,3.33,1.30,3.70,1.20,,,,,1.60,2.23,1.04,2.39,1.85,1.85,1.04,1.98,2.16,1.66,1.09,1.72,2.69,1.43,2.20,1.20,3.06,1.35,2.20,1.35,1.25,3.68,1.29,4.14,1.24,3.90,1.23,4.84,1.10,6.25,1.11,6.71,1.02,9.60,1.05,10.66,,,,,2.11,1.68,2.25,1.61
Croatia Prva NL,2024-2025,https://www.oddsportal.com/football/croatia/prva-nl-2024-2025/dubrava-zagreb-zrinski-osjecko-KdZMOAdk/,Dubrava,Zrinski Osjecko,22 Feb 2025,1:0,0:0,1.37,4.87,7.57,1.43,3.70,7.38,1.62,2.30,1.54,2.30,1.87,1.94,1.73,1.90,2.12,1.67,2.08,1.73,2.37,1.56,2.28,1.50,2.92,1.39,2.85,2.85,,,,,1.31,3.20,,,1.48,2.49,,,1.61,2.19,,,1.74,2.05,,,1.98,1.80,,,1.14,5.14,,,,,,,,,,,,,,,,,,,2.26,1.54,2.25,1.61
Croatia Prva NL,2024-2025,https://www.oddsportal.com/football/croatia/prva-nl-2024-2025/dubrava-zagreb-croatia-zmijavci-lK7nOOml/,Dubrava,Croatia Zmijavci,19 Oct 2024,0:1,0:0,1.88,3.44,4.07,1.84,3.35,4.00,1.62,2.21,1.55,2.12,1.90,1.89,2.12,2.12,2.14,1.66,2.12,2.12,2.45,1.51,2.12,2.12,3.17,1.34,2.12,2.12,1.38,2.89,1.33,3.30,1.62,2.23,1.50,2.39,1.84,1.90,1.70,2.00,2.12,1.71,1.70,1.74,2.63,1.46,2.42,1.21,2.99,1.38,2.39,1.37,1.30,3.38,1.25,3.95,1.24,3.90,1.21,4.60,1.13,5.55,1.10,6.14,1.05,8.57,1.06,10.00,,,,,2.02,1.74,2.00,1.77
Croatia Prva NL,2024-2025,https://www.oddsportal.com/football/croatia/prva-nl-2024-2025/dugopolje-croatia-zmijavci-Ugo0ghRa/,Dugopolje,Croatia Zmijavci,16 Oct 2024,0:0,0:0,2.26,3.36,3.05,,3.40,3.41,1.62,2.23,1.60,2.20,1.92,1.90,1.85,1.85,2.15,1.66,2.09,1.63,2.44,1.51,2.42,1.50,3.16,1.34,3.00,1.33,1.62,2.25,1.42,2.61,1.93,1.84,1.64,2.02,2.20,1.65,1.87,1.74,2.59,1.47,1.87,1.53,3.41,1.30,3.03,1.15,3.70,1.26,2.96,1.26,1.47,2.60,1.36,3.14,1.36,3.01,1.29,3.67,1.25,3.74,1.14,4.94,1.12,6.22,1.10,8.28,1.11,6.84,1.08,9.14,1.93,1.82,1.90,1.86
Croatia Prva NL,2024-2025,https://www.oddsportal.com/football/croatia/prva-nl-2024-2025/jarun-dugopolje-Gx6d80KU/,Jarun,Dugopolje,25 Aug 2024,2:2,1:1,1.99,3.40,3.66,,,3.61,1.54,2.37,,,1.81,2.01,1.77,1.94,2.05,1.73,2.00,1.72,2.32,1.56,2.30,1.55,2.92,1.40,2.80,1.38,,,,,1.73,2.09,1.45,2.06,1.98,1.78,1.61,1.79,2.26,1.61,1.81,1.57,2.80,1.40,2.78,1.16,3.22,1.34,2.50,1.28,1.36,2.99,1.22,3.18,1.28,3.55,1.18,3.43,1.18,4.49,1.09,4.61,1.08,8.01,1.08,7.85,,,,,1.87,1.87,1.84,1.92
Croatia Prva NL,2024-2025,https://www.oddsportal.com/football/croatia/prva-nl-2024-2025/orijent-cibalia-44TA8wkf/,Orijent,Cibalia,23 Nov 2024,2:1,0:0,2.04,3.45,3.45,2.55,3.25,2.55,1.56,2.35,1.53,2.34,1.83,1.98,1.72,1.90,2.05,1.72,2.00,1.72,2.38,1.53,2.24,1.51,2.95,1.39,2.80,1.38,,,,,1.74,2.08,1.09,2.06,1.98,1.78,1.18,1.78,2.28,1.59,1.18,1.47,2.85,1.39,2.88,1.04,3.20,1.34,2.88,1.11,1.35,3.09,1.01,3.23,1.29,3.42,1.01,3.80,1.18,4.64,1.01,5.03,1.09,7.67,1.08,5.39,1.10,7.00,1.07,5.56,1.93,1.82,1.83,1.93
Croatia Prva NL,2024-2025,https://www.oddsportal.com/football/croatia/prva-nl-2024-2025/opatija-croatia-zmijavci-xAwMLhyB/,Opatija,Croatia Zmijavci,24 May 2025,2:1,0:1,1.16,8.19,12.00,1.41,4.60,6.65,1.37,2.81,1.46,2.38,1.56,2.26,1.69,1.95,1.77,1.95,1.95,1.76,1.98,1.76,2.17,1.55,2.34,1.54,2.66,1.37,,,,,,,,,1.29,3.23,1.04,2.44,1.26,3.66,1.04,4.55,1.26,3.73,2.38,2.02,1.43,2.72,1.79,2.90,,,,,,,,,,,,,,,,,,,,,3.48,1.28,2.16,1.66
Croatia Prva NL,2024-2025,https://www.oddsportal.com/football/croatia/prva-nl-2024-2025/vukovar-1991-dugopolje-EHDht504/,Vukovar 1991,Dugopolje,18 Apr 2025,3:0,2:0,1.33,5.40,7.56,1.29,4.33,10.70,1.43,2.66,1.84,1.78,1.64,2.16,2.15,1.56,1.89,1.87,2.46,1.43,2.08,1.69,2.97,1.30,2.47,1.49,,,1.11,6.07,1.09,1.01,1.21,4.15,1.02,3.83,1.33,3.10,1.04,2.96,1.41,2.74,1.04,2.62,1.52,2.41,2.29,1.49,1.77,2.00,1.74,1.85,1.11,6.80,1.08,5.68,,,,,,,,,,,,,,,,,2.50,1.50,3.20,1.33
Croatia Prva NL,2024-2025,https://www.oddsportal.com/football/croatia/prva-nl-2024-2025/orijent-bijelo-brdo-UP311Okd/,Orijent,Bijelo Brdo,24 May 2025,2:1,2:1,2.18,3.43,3.12,,3.35,3.09,1.45,2.55,1.33,2.81,1.72,2.04,1.56,2.26,1.95,1.78,1.76,1.94,2.19,1.61,1.96,1.75,2.64,1.43,2.26,1.51,1.56,2.35,1.60,2.14,1.85,1.90,1.04,1.78,2.07,1.67,1.04,1.60,2.46,1.49,1.09,1.45,3.17,1.32,2.52,1.07,3.31,1.30,2.49,1.18,1.39,2.76,1.46,2.59,1.27,3.29,1.37,2.94,1.20,4.26,1.18,3.54,1.14,5.62,1.02,4.36,,,,,1.82,1.93,1.62,2.23
Croatia Prva NL,2024-2025,https://www.oddsportal.com/football/croatia/prva-nl-2024-2025/orijent-opatija-fTEhlF2n/,Orijent,Opatija,15 Feb 2025,0:0,0:0,2.14,3.13,3.54,2.14,3.15,3.29,1.83,1.94,,,2.09,1.71,1.79,1.90,2.34,1.54,2.03,1.70,2.82,1.39,2.30,1.54,3.49,1.27,2.80,1.38,1.45,2.66,,,1.73,2.06,,,2.02,1.72,,,2.34,1.55,,,2.95,1.37,,,3.38,1.30,,,1.33,3.13,,,1.29,3.32,,,1.13,5.49,,,1.05,9.67,,,,,,,2.02,1.74,1.84,1.92
Croatia Prva NL,2024-2025,https://www.oddsportal.com/football/croatia/prva-nl-2024-2025/dugopolje-rudes-xUc6o0xp/,Dugopolje,Rudes,26 Apr 2025,0:0,0:0,2.30,3.34,3.00,,3.02,2.56,1.77,2.02,1.68,1.96,2.05,1.72,2.00,1.71,2.35,1.55,2.28,1.55,2.78,1.41,2.66,1.37,3.67,1.26,3.50,1.22,,,,,2.04,1.77,1.02,1.58,2.26,1.60,1.04,1.53,2.80,1.40,1.04,1.31,3.62,1.27,,,4.12,1.23,1.76,1.01,1.52,2.43,1.69,1.74,1.39,2.81,1.55,1.58,1.28,3.43,1.27,1.85,1.17,5.18,1.22,1.85,1.11,5.55,1.17,1.85,2.11,1.68,1.93,1.83
Croatia Prva NL,2024-2025,https://www.oddsportal.com/football/croatia/prva-nl-2024-2025/cibalia-jarun-dQKfL7FG/,Cibalia,Jarun,01 Sep 2024,1:1,0:1,1.98,3.53,3.53,2.08,3.40,3.11,1.45,2.63,1.35,2.84,1.67,2.13,1.55,2.23,1.89,1.85,1.77,1.97,2.08,1.70,1.97,1.77,2.55,1.48,2.28,1.53,1.46,2.67,1.76,3.30,1.71,2.12,1.04,2.19,1.90,1.83,1.04,1.89,2.18,1.64,1.09,1.65,2.68,1.44,2.43,1.19,2.96,1.40,2.42,1.32,1.32,3.06,1.41,3.34,1.28,3.55,1.33,3.80,1.16,4.43,1.16,5.01,1.09,7.71,1.02,7.81,,,,,1.82,1.93,1.63,2.22
Croatia Prva NL,2024-2025,https://www.oddsportal.com/football/croatia/prva-nl-2024-2025/bijelo-brdo-cibalia-rP7lAMkI/,Bijelo Brdo,Cibalia,24 Aug 2024,0:4,0:1,1.77,3.64,4.37,,,2.87,1.78,2.02,1.39,2.75,2.02,1.75,1.60,2.19,2.31,1.56,1.80,1.90,2.72,1.44,2.01,1.72,3.59,1.29,2.36,1.52,1.32,3.23,1.01,3.67,1.56,2.36,1.02,2.55,1.90,1.85,1.04,2.09,2.01,1.76,1.04,1.80,2.50,1.51,2.18,1.21,2.84,1.40,2.17,1.39,1.25,3.71,1.01,4.38,1.23,4.10,1.01,5.00,1.11,5.74,,,1.02,10.25,1.08,10.46,,,,,2.28,1.59,1.68,2.13
Croatia Prva NL,2024-2025,https://www.oddsportal.com/football/croatia/prva-nl-2024-2025/cibalia-rudes-IHMOFQLt/,Cibalia,Rudes,17 Aug 2024,2:0,1:0,2.89,3.41,2.33,2.40,3.40,2.70,1.49,2.50,1.50,2.43,1.72,2.05,1.72,2.00,1.97,1.79,1.95,1.76,2.20,1.63,2.23,1.59,2.67,1.44,2.70,1.41,,,,,2.42,1.52,2.24,1.54,2.81,1.41,2.62,1.43,3.36,1.29,2.62,1.29,5.00,1.17,5.64,1.07,5.53,1.15,5.16,1.12,1.77,2.00,1.63,2.06,1.59,2.33,1.49,2.38,1.43,2.71,1.24,2.85,1.27,3.65,1.22,3.49,1.25,3.98,1.18,3.90,1.82,1.93,1.78,1.99
Croatia Prva NL,2024-2025,https://www.oddsportal.com/football/croatia/prva-nl-2024-2025/cibalia-opatija-Qkv17sa3/,Cibalia,Opatija,26 Apr 2025,0:2,0:0,3.34,2.96,2.31,,3.00,2.50,2.12,1.68,1.72,2.00,2.46,1.50,2.00,1.71,2.73,1.41,2.31,1.51,3.22,1.32,2.70,1.41,4.99,1.17,,,2.25,1.62,,,2.70,1.42,,,3.27,1.30,,,4.22,1.21,,,6.75,1.10,,,,,,,1.79,1.99,,,1.55,2.36,,,1.38,2.83,,,1.22,3.98,,,1.23,3.98,,,2.38,1.54,2.02,1.75
Croatia Prva NL,2024-2025,https://www.oddsportal.com/football/croatia/prva-nl-2024-2025/opatija-orijent-x08R9DBt/,Opatija,Orijent,21 Sep 2024,2:0,1:0,2.39,3.33,2.86,,,2.81,1.70,2.10,,,1.97,1.81,1.72,2.00,2.22,1.61,1.95,1.76,2.60,1.45,2.22,1.59,3.34,1.30,2.70,1.40,1.73,2.08,1.66,2.11,2.03,1.75,1.04,1.76,2.32,1.57,1.04,1.58,2.77,1.41,1.09,1.39,3.84,1.24,3.32,1.06,4.40,1.21,3.32,1.16,1.52,2.42,1.49,2.55,1.40,2.79,1.39,3.00,1.25,3.52,1.19,3.00,1.16,5.30,,,1.13,5.88,,,1.93,1.82,1.83,1.93
Croatia Prva NL,2024-2025,https://www.oddsportal.com/football/croatia/prva-nl-2024-2025/sesvete-vukovar-1991-UqzENE6b/,Sesvete,Vukovar 1991,,,,,,,,,,,,,,,,,,,,,,,,,,,,,,,,,,,,,,,,,,,,,,,,,,,,,,3.56,1.24,1.02,1.24,2.62,1.37,1.01,1.38,2.45,1.45,1.01,1.44,2.33,1.54,1.85,1.55,1.95,1.79,1.58,1.76,2.26,1.59,2.15,1.67
Croatia Prva NL,2024-2025,https://www.oddsportal.com/football/croatia/prva-nl-2024-2025/bijelo-brdo-cibalia-O6Dn7gMH/,Bijelo Brdo,Cibalia,17 May 2025,2:3,0:3,1.76,3.42,4.22,1.99,3.30,3.71,1.51,2.35,1.67,2.07,1.79,1.95,1.93,1.77,2.04,1.69,2.20,1.59,2.28,1.54,2.60,1.44,2.84,1.36,3.30,1.29,1.32,3.15,1.34,3.33,1.54,2.35,1.34,2.45,1.72,2.01,1.34,2.06,1.99,1.76,1.57,1.76,2.42,1.51,2.64,1.13,2.76,1.39,2.60,1.34,1.25,3.57,1.26,3.90,1.21,4.25,1.01,4.50,1.12,5.55,1.10,4.60,1.02,9.00,1.02,4.72,,,,,1.86,1.90,2.00,1.77
Croatia Prva NL,2024-2025,https://www.oddsportal.com/football/croatia/prva-nl-2024-2025/vukovar-1991-rudes-je81ngXb/,Vukovar 1991,Rudes,19 Feb 2025,1:1,1:0,1.47,3.65,6.88,,,7.60,1.74,2.00,1.76,1.95,2.01,1.71,2.05,1.69,2.28,1.54,2.31,1.51,2.70,1.39,2.75,1.39,3.43,1.24,3.60,1.25,,,,,1.31,3.17,1.06,3.78,1.48,2.44,1.10,2.80,1.63,2.17,1.10,2.35,1.90,1.83,2.61,1.32,2.23,1.60,2.31,1.62,1.11,5.53,1.02,8.05,1.13,5.90,1.01,9.20,,,,,,,,,,,,,2.42,1.53,2.55,1.49
Croatia Prva NL,2024-2025,https://www.oddsportal.com/football/croatia/prva-nl-2024-2025/vukovar-1991-cibalia-zPTp7Y4K/,Vukovar 1991,Cibalia,03 May 2025,4:2,1:1,1.28,5.26,10.50,,3.45,5.42,1.42,2.68,1.80,2.00,1.67,2.13,2.04,1.68,1.88,1.89,2.31,1.51,2.11,1.68,2.70,1.36,2.49,1.49,3.58,1.21,1.09,6.99,1.21,1.01,1.14,5.29,1.02,5.08,1.26,3.52,1.04,3.73,1.29,3.40,1.04,3.14,1.39,2.83,2.39,1.49,1.62,2.22,1.83,1.99,,,,,,,,,,,,,,,,,,,,,2.64,1.45,2.38,1.55
Croatia Prva NL,2024-2025,https://www.oddsportal.com/football/croatia/prva-nl-2024-2025/zrinski-osjecko-vukovar-1991-KlX95LTF/,Zrinski Osjecko,Vukovar 1991,"6
Vukovar 1991",0:6,0:1,13.90,5.15,1.20,,,1.29,1.46,2.46,1.48,2.33,1.69,2.02,1.75,1.96,1.94,1.79,1.98,1.73,2.18,1.59,2.21,1.53,2.64,1.41,2.74,1.35,9.90,1.00,3.03,1.02,,,,,,,,,,,,,,,,,,,,,5.30,1.10,4.43,1.12,,,,,3.51,1.25,2.85,1.25,3.05,1.32,2.66,1.29,2.33,1.54,2.00,1.44,2.93,1.38,2.42,1.53
Croatia Prva NL,2024-2025,https://www.oddsportal.com/football/croatia/prva-nl-2024-2025/jarun-bijelo-brdo-6o7ziMEM/,Jarun,Bijelo Brdo,26 Apr 2025,0:5,0:3,2.37,2.78,3.50,,,2.64,2.05,1.74,1.86,1.76,2.38,1.53,2.19,1.54,2.73,1.41,2.52,1.41,3.32,1.31,3.08,1.28,4.63,1.20,4.25,1.15,1.56,2.37,1.01,2.26,1.93,1.85,1.02,1.78,2.29,1.58,1.04,1.57,2.71,1.42,1.04,1.31,3.79,1.24,3.00,1.01,4.43,1.21,3.00,1.03,1.38,2.88,1.01,2.85,1.28,3.45,1.01,3.43,1.19,4.47,1.24,3.51,1.10,6.85,1.01,3.60,1.11,6.80,,,2.21,1.62,2.20,1.62
Croatia Prva NL,2024-2025,https://www.oddsportal.com/football/croatia/prva-nl-2024-2025/dubrava-zagreb-vukovar-1991-AVkhQgcD/,Dubrava,Vukovar 1991,"2
Vukovar 1991",1:2,1:0,2.90,3.94,2.13,,3.60,,1.52,2.43,,,1.76,2.02,1.82,1.90,2.01,1.76,2.05,1.67,2.25,1.60,2.40,1.51,2.86,1.40,3.00,1.34,2.10,1.74,1.07,1.53,2.65,1.44,1.08,1.40,3.05,1.35,1.04,1.33,3.76,1.25,1.09,1.22,5.67,1.14,6.63,1.05,5.93,1.13,4.35,1.09,1.94,1.82,1.07,1.82,1.73,2.06,1.07,2.11,1.53,2.39,1.03,2.45,1.35,3.07,1.15,3.07,1.29,3.50,1.13,3.49,1.89,1.85,1.86,1.90
Croatia Prva NL,2024-2025,https://www.oddsportal.com/football/croatia/prva-nl-2024-2025/croatia-zmijavci-jarun-AX2j00vp/,Croatia Zmijavci,Jarun,29 Sep 2024,1:0,1:0,2.20,3.55,3.01,,3.22,2.87,1.51,2.44,1.46,2.31,1.74,2.02,1.75,1.95,1.98,1.78,1.98,1.73,2.23,1.60,2.20,1.51,2.73,1.42,2.73,1.33,,,,,1.88,1.88,,,2.08,1.74,1.04,1.73,2.44,1.51,1.09,1.53,3.19,1.34,2.63,1.14,3.59,1.27,1.04,1.97,1.45,2.63,1.04,1.97,1.34,3.11,1.04,1.97,1.24,3.88,1.04,1.97,1.15,5.48,1.04,1.97,1.14,5.58,1.04,1.97,1.87,1.87,1.74,2.04
Croatia Prva NL,2024-2025,https://www.oddsportal.com/football/croatia/prva-nl-2024-2025/cibalia-vukovar-1991-OWhxfvz1/,Cibalia,Vukovar 1991,"0
Vukovar 1991",1:0,0:0,3.03,3.54,2.19,,3.35,2.25,1.75,2.06,1.77,1.81,2.00,1.81,2.07,1.60,2.24,1.60,2.35,1.48,2.63,1.45,2.80,1.33,3.46,1.30,3.70,1.18,2.23,1.63,1.01,1.60,2.58,1.47,1.07,1.44,2.97,1.37,1.14,1.35,3.83,1.24,1.14,1.23,6.51,1.11,4.51,1.09,6.40,1.12,4.51,1.10,1.89,1.89,1.01,1.94,1.70,2.07,1.01,2.26,1.48,2.53,1.01,2.78,1.30,3.43,1.40,3.91,1.27,3.67,1.31,4.47,2.11,1.68,2.00,1.77
Croatia Prva NL,2024-2025,https://www.oddsportal.com/football/croatia/prva-nl-2024-2025/dubrava-zagreb-orijent-CCeuX0Nj/,Dubrava,Orijent,19 Apr 2025,0:1,0:1,2.46,3.37,2.73,,3.18,3.14,1.60,2.24,1.53,2.21,1.87,1.91,1.82,1.88,2.14,1.66,2.05,1.68,2.44,1.50,2.38,1.51,3.07,1.35,2.88,1.32,,,,,2.24,1.61,1.02,1.48,2.68,1.43,1.04,1.37,3.33,1.30,1.04,1.20,3.85,1.24,3.43,1.10,4.53,1.20,,,1.63,2.21,1.47,1.97,1.47,2.55,1.38,2.34,1.35,3.03,1.19,2.56,1.19,4.53,1.01,2.67,1.16,5.30,1.13,2.73,1.87,1.87,1.82,1.94
